review_id,feedback,rating,date,app_id,issue_category,specific_issue,sentiment,severity,has_specific_issue,input_tokens,output_tokens,total_tokens,local_cluster_id,cluster_id
ab15282f-86b7-4052-b6a8-ba8a2d64bce2,telegram mare call par nai ban rhi,5,2023-09-19 14:42:49,org.telegram.messenger,Account & Login,Account banned,Negative,High,True,625,45,670,17,17
b21d4f24-47d9-41a1-aff7-7c7d46590c0d,When I enter my phone number it show I am banned I email support telegram but I got no answer😭,1,2023-09-19 14:27:15,org.telegram.messenger,Account & Login,User blocked from account access after entering phone number,Negative,High,True,637,51,688,26,26
5c45b75a-e9b9-4585-8e72-d87c00e31858,"Barrs users login for no tangible reason, null response on login issues emailing, nice UX/UI, but functions,..void/minimal will find other large file download/communication options.",2,2023-09-19 14:25:13,org.telegram.messenger,Account & Login,Users unable to log in with no clear reason or response,Negative,High,True,653,54,707,0,0
2d1bb951-4bfb-4ab9-90aa-73dc6203fc59,Can't login,1,2023-09-19 13:56:35,org.telegram.messenger,Account & Login,Cannot log in,Negative,High,True,619,46,665,0,0
64169dd8-d0ab-4db6-b369-5170177c0335,"Tidak bisa masuk,saat memasukkan nomor telepon pasti selalu unable to connect",2,2023-09-19 13:49:26,org.telegram.messenger,Account & Login,Unable to connect when entering phone number during login,Negative,High,True,638,52,690,15,15
4886e23b-caac-4c4b-b93b-48a2e190c5f8,verify code not arriving.,1,2023-09-19 13:06:18,org.telegram.messenger,Account & Login,SMS verification code not received,Negative,High,True,620,47,667,31,31
245e7da6-3bb8-46c2-ba03-2570c80b65d0,"Why i am can't sign in "" unable to send SMS""",1,2023-09-19 12:12:55,org.telegram.messenger,Account & Login,Unable to send SMS verification code,Negative,High,True,628,48,676,31,31
e4bbd1f4-0d47-448e-8fae-6efa18cad3d6,Why don’t send me account login code??,1,2023-09-19 12:10:14,org.telegram.messenger,Account & Login,SMS verification code not received,Negative,High,True,625,47,672,31,31
093e2d33-9d9b-443a-8ce0-0028481ae9fc,"This program automatically deleted my user accounts. I even sent an email, but it was not followed up. tell me something",1,2023-09-19 11:55:56,org.telegram.messenger,Account & Login,User accounts automatically deleted without warning,Negative,High,True,640,49,689,11,11
97962566-d71a-4d55-bbce-edfe696a5dda,So many ristraction in why am band in this,1,2023-09-19 11:30:38,org.telegram.messenger,Account & Login,Account banned without clear reason,Negative,High,True,627,48,675,17,17
72062af9-d5ef-40b2-b4a6-d311e2ab2db7,My phone doesn't receive the OTP code 😢,5,2023-09-19 11:13:34,org.telegram.messenger,Account & Login,SMS verification code not received,Negative,High,True,626,48,674,31,31
1eeec57e-9140-406a-b881-819106ecf382,"For unknown reason to me. My telegram account has been banned for 5 days. I mailed, Google and submit my query and DM over the X (Twitter) to @telegramsupport and no response to none of them. My data is very important to me. Which is stuck to this app. Unban my account.",1,2023-09-19 10:50:33,org.telegram.messenger,Account & Login,Telegram account banned with no response from support,Negative,High,True,680,51,731,6,6
bdc9fe37-414e-49b5-9236-38aed85497f7,My number is banned for reason not known to me. I sent an email to support for unblocking. But no response. How do u resolve this issue?,1,2023-09-19 10:37:23,org.telegram.messenger,Account & Login,Account banned without known reason and no response from support,Negative,High,True,647,53,700,17,17
d68d7095-8f78-4fe1-8d76-8188126b12fc,Telegram gmail login problem,1,2023-09-19 09:22:37,org.telegram.messenger,Account & Login,Gmail login problem in Telegram,Negative,High,True,620,49,669,21,21
4c398cda-1735-41f3-98b7-5829fcbd13a0,I CANT LOG IN TF WRONG WITH THIS APP?,1,2023-09-19 08:13:46,org.telegram.messenger,Account & Login,Unable to log in due to app error,Negative,High,True,626,51,677,15,15
54f263ed-a2f0-489d-9feb-45efc719668f,"can't login to my account for a week, dumb app🖕",1,2023-09-19 07:56:35,org.telegram.messenger,Account & Login,Cannot log in to account for a week,Negative,High,True,629,51,680,0,0
721016a5-929b-4e63-89b4-8f1e01d57945,Trouble while login Not receiving login code to my email,1,2023-09-19 07:53:13,org.telegram.messenger,Account & Login,Not receiving login code via email,Negative,High,True,627,49,676,9,9
61a1041c-b423-4e6f-bde4-1c24aa1c9d32,I can't access my accnt in telegram😭,3,2023-09-19 07:23:06,org.telegram.messenger,Account & Login,Cannot access account,Negative,High,True,626,45,671,34,34
44f5c2d6-51fd-4627-b4a3-7521023deb80,Słaba aplikacja nic nie da się robić próbowałem zrobić konto pisało że Nie można a ja nigdy nie miałem messengera,1,2023-09-19 15:03:07,com.facebook.orca,Account & Login,"Unable to create account, error message received",Negative,High,True,650,50,700,12,12
2df1d5ca-0fd0-4381-b616-0e5d85c59e99,Without any reason my WhatsApp number is banned.plese review my account and unbanned as Soom. Thank you WhatsApp team,5,2023-09-19 09:27:36,com.whatsapp,Account & Login,WhatsApp number banned without reason,Negative,High,True,641,48,689,16,16
2b7105b1-3f1e-485a-9d76-062bba0e9484,Unbanning my whatsapp account,5,2023-09-19 08:42:33,com.whatsapp,Account & Login,Request to unban WhatsApp account,Negative,High,True,622,49,671,10,10
9dc9470b-cc7d-4604-a451-f2835c22abfc,Hello what's app support unfortunately my what's app account is blocked. I am sorry to install third party apps by mistake. I am requesting to unblocked. My what's app thank you.,5,2023-09-18 17:54:40,com.whatsapp,Account & Login,WhatsApp account blocked,Negative,High,True,654,46,700,10,10
6d3fa7e0-ed33-4e55-a3cc-5ca77edb9708,When ever I try to login to my account it shows it unofficial app install official app,1,2023-09-18 17:54:21,com.whatsapp,Account & Login,Login shows 'unofficial app install' error on official app,Negative,High,True,633,55,688,29,29
85a3f21a-87ac-44c1-a2db-036ea68ad5ac,When i put in the verification code it keeps going back to thw beginning,1,2023-09-18 17:50:32,com.whatsapp,Account & Login,Verification code input resets to beginning,Negative,High,True,631,49,680,37,37
e4cb2fb1-8feb-4298-a361-b3487238155b,I didn't getting OTP for login and I continuously trying for 24 hours.,1,2023-09-18 17:47:34,com.whatsapp,Account & Login,OTP not received for login,Negative,High,True,632,48,680,9,9
9eba1ede-ddc2-4b51-9a5c-4ca7490011cb,I have no access to use my account,3,2023-09-18 17:45:21,com.whatsapp,Account & Login,No access to account,Negative,High,True,624,46,670,34,34
41afd0ce-a743-4cac-ab4a-006bb82422bf,I forget my name And surname My husband is going well The shop is not working Could not find my message,3,2023-09-18 17:45:14,com.whatsapp,Account & Login,Unable to access account due to forgotten name and surname,Negative,Medium,True,637,52,689,8,8
401e4bbb-28d2-417b-a561-d0c3572a6299,Dear sir/mam if I not updated watsapp then you ban us this it very bed I am not expected from you,1,2023-09-18 17:44:33,com.whatsapp,Account & Login,Account banned for not updating WhatsApp,Negative,High,True,640,48,688,16,16
e81a633c-f9fc-4c40-96ff-9fb08ba57418,Pls open my WhatsApp,5,2023-09-18 17:42:34,com.whatsapp,Account & Login,Unable to access WhatsApp account,Negative,High,True,621,47,668,34,34
b181467d-3629-4150-92f4-cea46b27c46b,My account black pls my account unluck 😞😞,1,2023-09-18 17:41:36,com.whatsapp,Account & Login,Account access blocked,Negative,High,True,627,46,673,17,17
4ad23d0b-5979-4d96-aa2f-309bb027650c,Whatup ban,5,2023-09-18 17:39:42,com.whatsapp,Account & Login,Account banned without explanation,Negative,High,True,619,47,666,17,17
3a6bbbbe-00b7-451d-809b-5342e572faaf,"I uninstalled WhatsApp due to reset mobile when I again tried to install it shows me two options that 'this device, Samsung device's.I have found this type of options first time.Whats it meaning? Now I can't use WhatsApp cz time and again it wants code even I received code and entered but wanted more verification code although I have only one device and only one number.",2,2023-09-18 17:39:39,com.whatsapp,Account & Login,Repeated verification code requests despite having only one device and one number,Negative,High,True,691,55,746,25,25
5f64a56c-c280-46c2-a884-b72efad35698,"DO NOT use this app. Once you register, you can't cancel and they keep on charging you even if you opt to cancel subscription via Google Play or Apple Store. To Cancel again means jumping through multiple loops, including downloading their awful app again.",1,2023-09-19 14:01:55,com.viber.voip,Account & Login,Unable to cancel subscription despite opting out via Google Play or Apple Store,Negative,High,True,665,56,721,22,22
7bc7e3cd-3e93-45d7-a3f3-c98ded71073a,"They blocked my number for no reason, I wrote at least 10 emails to the support, I only got an automated message back. Apparently there is no one alive there who can help me. I have been a user for over 6 years. Low move Viber!",1,2023-09-19 12:18:22,com.viber.voip,Account & Login,Account access blocked without explanation,Negative,High,True,671,48,719,17,17
d7bcdef5-2766-457b-8d57-5dc91afc2df9,I had very bad experience with viber this is very useless app it said activation failed when i email them they told me. Your number was blocked on Viber because it was reported as a source of spam or as a result of unusual activity. The account has been automatically added to a block list and can not be unblocked. Well i didn't do anything like that this means anyone will report anyone's number for no reason and our account will be blocked and they don't have power to unblock. Unprofessional..,1,2023-09-19 11:05:40,com.viber.voip,Account & Login,Account blocked due to spam report with no ability to unblock,Negative,High,True,720,54,774,18,18
cd686ee5-a5d8-4cf2-a680-8c8c00b39293,"Ειναι το μονο social media που οταν αλλαζω κινητο, ακομα καξ που βαζω το account μου ξανα μου χανει 9αμω απο τα μισα μου δεδομενα. Υπηρχαν και φορες στο παρελθον που δεν μπορουσα να ανακτησω τον λογοριασμο μου και ξεκινησα απο την αρχη. Το viber ειναι σκουπιδι. Μακαρι να μοιασει περισσοτερο με τις αλλες εφαρμογες",1,2023-09-18 14:17:10,com.viber.voip,Account & Login,"Account data lost when switching devices, and inability to recover account",Negative,High,True,853,55,908,8,8
ef6bfa34-81b7-46ca-b2ad-607aee7369eb,"HEY I REINSTALLED YOUR APP BUT COULD NOT SIGN IN. WHEN I WOULD RECEIVE CALL FOR OTP TO SIGN UP AND ANSWER IT, IT AUTOMATICALLY HANG UP? WHAT'S UP? I NEED THIS APP FOR MY WORK. VERY INCONVENIENT NOT HAVING MESSAGE OPTION FOR OTP.",1,2023-09-18 12:16:37,com.viber.voip,Account & Login,"OTP call auto-hangs when answering, preventing sign-up",Negative,High,True,678,54,732,33,33
d7b0ae07-3222-44ad-8149-8b9d3a40ebb5,leeမို့ ဖုန်းခေါ်ပြီးcodeမချပေးတာလား,5,2023-09-18 06:49:44,com.viber.voip,Account & Login,SMS verification code not received,Negative,High,True,665,48,713,31,31
3290b3ac-ae3e-42d0-a185-973ab72f73e4,"I have been using the app for years, mainly the Viber out option to make paid international calls. Recently, the app started to cause problems and sign me out each time I use it. Suddenly and for no reason my credits were removed from the account. I contacted the support team many times but they kept sending me the same useless general replies about their policies without addressing my specific problem. I think it's not safe any more to use their paid services, otherwise, you risk your money.",1,2023-09-18 06:00:38,com.viber.voip,Account & Login,App signs user out unexpectedly and credits are removed without explanation,Negative,High,True,714,54,768,11,11
e27d9b9f-afb6-44df-bb47-ad8b89e044c7,"Viber sucks. it simply blocks unused accounts, using the excuse that spam was allegedly sent from these accounts. I haven’t used viber for a long time, because of stupid advertising that couldn’t be hidden.",1,2023-09-17 21:44:53,com.viber.voip,Account & Login,Account blocked due to inactivity with no clear recovery option,Negative,High,True,658,54,712,18,18
f9d52913-c921-4527-831b-bd27e304ef21,I created new account and didn`t even chat with any single one yet and block my ph no with the message this no. is used by spammer. Are you kidding me? This one is one of the most lame app I've ever encounted,1,2023-09-17 12:50:54,com.viber.voip,Account & Login,Phone number blocked as spammer on account creation,Negative,High,True,666,52,718,26,26
8486456e-a74d-4ea2-96de-3f982a45a532,i need only code in message form.you dont need to make a call.,1,2023-09-17 07:17:53,com.viber.voip,Account & Login,SMS verification code not received,Negative,High,True,631,48,679,31,31
fbf9d6af-27f7-49e4-ac6f-fa7f7f0b679b,he was not opening acc it's showing error while opening waste app dnt download plz,1,2023-09-19 12:31:52,com.snapchat.android,Account & Login,Error when trying to open account,Negative,High,True,634,49,683,12,12
2d992f74-dda6-4fa3-a01d-7cfe569ed232,bad app can't creat new acc,1,2023-09-19 14:03:14,com.tencent.mm,Account & Login,Cannot create new account,Negative,High,True,623,46,669,12,12
ba5650f8-acba-4c81-80ee-86fb6604d743,"PLEASE... DON'T WASTE YOUR TIME WITH THIS APP. I wish I could rate it a -1 Terrible...I wasted an entire week and they still wouldn't let me open an account! I tried my phone number, mobile number, Facebook account, three reputable people in China tried to scan the QR code for me to no avail. They wasted their time too. Security's a RED WALL. DON'T BOTHER. :(",1,2023-09-19 13:52:53,com.tencent.mm,Account & Login,"Unable to create account despite multiple attempts with phone number, mobile number, Facebook, and QR code scans",Negative,High,True,703,63,766,7,7
7befd1a1-4af0-442a-a95b-c0946f99d1ae,does not send sms for code to phone immediately but can send recovery ticket faster than the code itself but also need 2 friends to send code to you so recovery will have a higher chance of succeeding. what is this? a lucky draw game? terrible terrible app.,1,2023-09-19 12:08:05,com.tencent.mm,Account & Login,SMS verification code not received immediately,Negative,High,True,668,49,717,31,31
7d77f3c7-297e-4dea-87b6-38f6ecd1e0e4,Why it's hard to recover account ? User unfriendly 😔,1,2023-09-19 11:42:37,com.tencent.mm,Account & Login,Difficulty recovering account due to user-unfriendly process,Negative,High,True,629,52,681,38,38
b9899983-e3e1-4175-9c93-be1c9e6c0b28,"Cant use sms for verification, bad app",1,2023-09-18 18:09:34,com.tencent.mm,Account & Login,SMS verification code not received,Negative,High,True,625,47,672,31,31
d58c342e-1ff6-4210-8286-b1182e01dd0e,cannot log in for about three days all the time,1,2023-09-18 16:25:28,com.tencent.mm,Account & Login,Cannot log in for about three days,Negative,High,True,626,50,676,0,0
d55a5d1f-c56b-4f35-aad6-2e564b46f874,"Cannot even sign in, useless app",1,2023-09-18 15:22:45,com.tencent.mm,Account & Login,Cannot sign in,Negative,High,True,623,46,669,0,0
77281e49-7b1c-48ca-981a-648fc332c56f,"Cannot log in using my phone(server access failure) but can log in using my tablet. Both use same Internet connection, both devices are 3 years old. Please explain",1,2023-09-18 14:26:45,com.tencent.mm,Account & Login,Cannot log in using phone due to server access failure,Negative,High,True,650,53,703,15,15
ac469175-4862-43e7-ab76-880ab4933f66,I can't open my account.. unable to log in..,1,2023-09-18 12:37:34,com.tencent.mm,Account & Login,Unable to log in to account,Negative,High,True,628,49,677,0,0
a9345085-07c7-4361-8c23-6c46427ab035,Verification process is bullshitttt no geolocalizzazione,1,2023-09-17 23:06:13,com.tencent.mm,Account & Login,Verification process fails due to lack of geolocation support,Negative,High,True,628,52,680,23,23
85b0ad41-227a-40a2-b8ad-ab4eb9bfa4c5,Dear builder Not about to create new account. When I try to sign up they needed scan QR cord. Kindly help me how I can creat new account ... I expending we chat do needful regarding this issue,1,2023-09-17 19:47:05,com.tencent.mm,Account & Login,Unable to create new account due to mandatory QR code scan during signup,Negative,High,True,659,55,714,7,7
531210fd-e339-472c-b44c-2da72ecd85a7,Can't register,1,2023-09-17 18:30:41,com.tencent.mm,Account & Login,Cannot register,Negative,High,True,619,44,663,3,3
ce7257ae-72fd-4061-b1f4-b990b44e146e,I cannot log in,1,2023-09-17 16:56:53,com.tencent.mm,Account & Login,Cannot log in,Negative,High,True,620,46,666,0,0
3b17f402-fc24-4456-95a8-9e91a68a972e,Your security verification is useless I don't know anyone using wechat so I can't register,1,2023-09-17 16:19:26,com.tencent.mm,Account & Login,Unable to complete registration due to useless security verification requiring WeChat contacts,Negative,High,True,634,56,690,19,19
04eef387-7af6-4952-b2f7-05fb7139ac06,why i can't sign in or log in ??,2,2023-09-17 15:24:55,com.tencent.mm,Account & Login,Unable to sign in or log in,Negative,High,True,626,50,676,0,0
45b07735-69a4-413d-a698-0820dff105db,"If i can give zero star then i will. New user needs someone who already has an account to verify. How ridiculous it is! So, there I'm, finding someone who can help me. He scanned my code, then on the next step to verify me, he couldn't do it because the ""ok"" button was unresponsive. Yeah, he wasn't lying, i was next to him & i tried it myself too. Broken app!",1,2023-09-17 14:34:35,com.tencent.mm,Account & Login,Verification process fails due to unresponsive 'OK' button during account setup,Negative,High,True,706,56,762,13,13
aa94e88d-0946-4acd-9ff2-720b303eebd2,Dang you need some people to scan you're qr code before register girl I'm the first one who use we chat where do I scan it to ghost,1,2023-09-17 13:45:50,com.tencent.mm,Account & Login,QR code scanning required for registration but no clear instruction on where to scan,Negative,High,True,647,56,703,27,27
f3879b19-a1b3-443f-9060-46084d79ac5c,Cannot log in,1,2023-09-17 08:46:37,com.tencent.mm,Account & Login,Cannot log in,Negative,High,True,619,45,664,0,0
0d46a488-14a6-4b2e-95d8-a8944ecc415a,无语登录几百年都登录不到,1,2023-09-17 05:25:52,com.tencent.mm,Account & Login,Unable to log in after multiple attempts,Negative,High,True,624,49,673,5,5
29baad40-32e9-4877-aaa3-2058ec111319,"Why the verification code not working, I have a stable internet but its always say unstable or try again, so difficult to sign in,I want to chat my Chinese friends in WeChat. Please fixed this immediately",2,2023-09-17 05:23:26,com.tencent.mm,Account & Login,SMS verification code not received or fails with 'unstable internet' error,Negative,High,True,657,57,714,31,31
b8f5c07d-ba3e-4fa3-9224-ac61e1941f17,Can't get my account unlocked. Give up and use alipay,1,2023-09-17 05:17:36,com.tencent.mm,Account & Login,Account cannot be unlocked,Negative,High,True,629,47,676,24,24
bdbe98f2-9df3-482f-abff-a327db28a50b,Pathetic! You can't even create an account without someone who has wechat.. very disappointed. Bigo it is for me.,1,2023-09-17 04:49:13,com.tencent.mm,Account & Login,Cannot create account without a WeChat account,Negative,High,True,642,51,693,36,36
9f518116-7f75-486b-871d-21d78de24330,pls fix all problem in this apps or either remove it its not good when it come i want to login and i repport this matter slow responds if there is 0 star rate i will rate it to zero,1,2023-09-17 04:10:48,com.tencent.mm,Account & Login,Cannot log in to the app,Negative,High,True,658,49,707,15,15
d04a5ed9-159e-4513-b8e7-29db93439495,I can't even sign up🤷‍♀️,1,2023-09-16 21:34:51,com.tencent.mm,Account & Login,Unable to sign up,Negative,High,True,627,46,673,0,0
54b9468f-9cfe-425e-8aca-ae1e97a78669,Stupid app can not login can not signup,1,2023-09-16 20:46:43,com.tencent.mm,Account & Login,Cannot login or signup,Negative,High,True,625,47,672,0,0
8df3898e-d46d-4834-9ea0-bd09d5879ca5,i can't get into this app by my number at all,1,2023-09-16 20:32:55,com.tencent.mm,Account & Login,Cannot access app using phone number,Negative,High,True,628,49,677,15,15
07c94c45-0cdc-40bd-a49b-08e87c3c3286,I can't login my old account,1,2023-09-16 14:59:20,com.tencent.mm,Account & Login,Cannot log in to old account,Negative,High,True,623,48,671,32,32
ac321d25-609d-4f95-ab68-661454cb9634,Can't log in wechat my new redmi note 12s..phone ....error5-13,1,2023-09-16 11:46:04,com.tencent.mm,Account & Login,Cannot log in to WeChat on Redmi Note 12S due to error 5-13,Negative,High,True,639,65,704,20,20
aadb9ca4-e40b-45bd-965a-9a4912a77c4c,"Same experience as many, almost spent a whole day just to recover my account but no good results cause it wasn't even my fault. the app has too much restrictions but still passable but seriously if the bugs aren't passable when they are literally in your login page",1,2023-09-16 08:45:05,com.tencent.mm,Account & Login,Account recovery failed despite no fault of user,Negative,High,True,670,51,721,30,30
aadb71b8-50e2-401a-8d23-c0cb286305cc,"I would have give it 5 star, but I couldn't log into my old account so when I made a new óne with a different number apparently I have to have a ""WeChat friend"" to scan a qr code to verify because óf my number being outside of China. I don't want to make a new account and I haven't open my WeChat account for so long I dont even remember the password to my old account and it still says I need a ""WeChat friend"" to scan a code to verify.. pls fix this problem 😔🙏🏻🙏🏻",4,2023-09-16 06:20:27,com.tencent.mm,Account & Login,Unable to log in to old account and blocked from creating new account due to WeChat friend verification requirement for non-China numbers,Negative,High,True,734,66,800,19,19
70358a8c-a792-4835-a08c-803e7d83699b,Worst social networking app. Can't even sign in anymore from a new phone.,1,2023-09-16 03:25:39,com.tencent.mm,Account & Login,Cannot sign in from a new phone,Negative,High,True,632,49,681,4,4
9c921b0b-4a48-4430-bbc7-05e87179baa6,"I realize security is important and I'm glad at least some app pretends to care, but the log in and set up was so absolutely convoluted and unnecessary. I don't have many friends in mainland China so I can't just have various neighbors verify my phone number in that time limit. Current phone number is locked out so basically this app has bricked itself by choice.",2,2023-09-16 03:04:51,com.tencent.mm,Account & Login,Account setup and login process is overly complex and phone number verification fails due to time limits and lockout,Negative,High,True,692,62,754,2,2
05399ac8-f2f2-48a3-894e-2e171680e956,I am trying to open my old account that i used 3 to 4 years.. I know the password i know my id i am trying to log in from the same mobile number i used on we chat but still my account is not beeing open.now we chat is asking for a reference.. Why should i give reference if i arready have an account and i am an old member of we chat.. Please help me with this. I have no reference now. I need to use my account that's my leagle rite,1,2023-09-16 00:01:36,com.tencent.mm,Account & Login,Unable to log in to old account despite knowing credentials and using same mobile number,Negative,High,True,723,57,780,32,32
56d6fd2a-4046-4b29-be13-a05461ec47c8,"After I logout my account, I can't login again by using the same handphone number. The verify code can't send via SMS, what a rubbish app.",1,2023-09-15 18:47:17,com.tencent.mm,Account & Login,SMS verification code not received after logout,Negative,High,True,648,49,697,31,31
bae6921b-57cf-4005-bc7a-47a0e1524cb1,App babi nk register je pun pele,1,2023-09-15 16:31:24,com.tencent.mm,Account & Login,Unable to register on the app,Negative,High,True,625,49,674,3,3
fe84a6a8-bd83-4358-9e5e-f46b1b6db87d,"Retard app, trying to sign up it says error check network but I just downloaded the app..",1,2023-09-15 16:02:05,com.tencent.mm,Account & Login,Sign-up error despite having a stable network connection,Negative,High,True,636,51,687,35,35
72fb9f92-f18b-45b7-8daa-e9fa2d128613,This is bad I try to download it I can't reach my account I was use it long time ago ....they said I must get a friend to help 🤦,1,2023-09-15 15:48:25,com.tencent.mm,Account & Login,"Cannot access account after long inactivity, requires friend assistance",Negative,High,True,650,54,704,14,14
5ae14ac9-9938-4366-88e9-57fa96909a3c,"Stupid App, I can't even log in through password or even sms (which I never received). If you are lucky and succeed in logging in, you have to verify with a person that hasn't verified another account during the past month. It's a model for a (Communist App)",1,2023-09-15 13:46:48,com.tencent.mm,Account & Login,SMS verification code not received and login blocked by strict verification requirements,Negative,High,True,675,54,729,31,31
1c36b798-cead-46f3-94a2-8c5bf3846b47,Too difficult to register. This is why US seems ahead of you. Make it easy and show features.,1,2023-09-15 13:18:26,com.tencent.mm,Account & Login,Registration process is too difficult,Negative,High,True,636,47,683,3,3
b88567f0-a133-45bf-82c8-e1dc2d80c9bb,So Bad.. Can't login.........,1,2023-09-15 11:56:11,com.tencent.mm,Account & Login,Cannot login,Negative,High,True,623,45,668,0,0
d6ad89a8-0a1c-45d7-97e8-753b3dded5a6,My account was frozen just because I switched my phone number to one in us. And there is no way to unfreeze it or contact their customer service!!!!!!!!,1,2023-09-15 03:33:40,com.tencent.mm,Account & Login,"Account frozen after changing phone number to a US number, no way to unfreeze or contact customer service",Negative,High,True,647,63,710,1,1
e5431db8-1cd9-40c0-93c4-69f8b2ccc819,"Worst app ever, no way to unlock it. Uninstalled this piece of junk.",1,2023-09-15 03:29:13,com.tencent.mm,Account & Login,Cannot unlock the app,Negative,High,True,633,46,679,24,24
1a3ad472-ff61-4740-b6ef-ceb847ac30d2,"mafia style operation or most likely communist ideology of ponishment before guilty. they bocked the account for 16 days for ""suspicion violations "" without explanation or response or customer service.",1,2023-09-15 00:24:07,com.tencent.mm,Account & Login,Account banned for 16 days with no explanation or response,Negative,High,True,656,54,710,6,6
1983c6f5-efee-4c28-ac18-99fbd248b8c6,"I can't sign in, it's bringing the issue of friends scanning the qr code when I don't have those friends",1,2023-09-14 23:17:49,com.tencent.mm,Account & Login,Cannot sign in due to issues with QR code scanning for non-existent friends,Negative,High,True,640,56,696,7,7
f983b15d-311d-4e5e-a225-351aae62eab5,"WeChat sucks ! I spent 10 minutes trying to create an account and was not able to login, the login process is stupid, non-efficient and confusing, fire your WeChat Developers from their employment! I'm still not able to login even with an SMS code sent to my phone.",1,2023-09-14 22:38:21,com.tencent.mm,Account & Login,Unable to log in despite receiving SMS verification code,Negative,High,True,674,51,725,31,31
f49b67cf-b777-415e-9276-fb5a010f9068,Cant even make an account!,1,2023-09-14 19:31:59,com.tencent.mm,Account & Login,Unable to create an account,Negative,High,True,622,47,669,12,12
b1767302-341d-4b62-9464-a7c44caf8d85,SMS login isn't working even after reinstallation.,2,2023-09-14 18:39:53,com.tencent.mm,Account & Login,SMS login not working after reinstallation,Negative,High,True,625,49,674,28,28
7cddddaa-15bf-4ded-94fa-be338c43a27b,I can't login for some reason. It says to check my network but my network totally fine.,1,2023-09-14 18:03:22,com.tencent.mm,Account & Login,Unable to log in despite having a stable network,Negative,High,True,635,51,686,35,35
d6d24d13-49fe-47b9-a81e-9522783294e5,"very very very......... low quality Log in problem, sign-up problem,,,, Problem & problem ,, very bad app, i don't like this app",1,2023-09-14 16:52:35,com.tencent.mm,Account & Login,Login and signup problems,Negative,High,True,644,46,690,0,0
74cd0191-1172-4391-afc0-8083bafe30c7,Wechat always block my account for no reason! I use it for work for god sake!,1,2023-09-14 16:36:10,com.tencent.mm,Account & Login,Account blocked without reason,Negative,High,True,634,47,681,17,17
734eedea-820c-48f4-ab9a-6d71e6e01d91,It is won't work i am trying to open my account after 8 months and it is won't open,1,2023-09-14 14:00:30,com.tencent.mm,Account & Login,Unable to access account after 8 months,Negative,High,True,638,51,689,14,14
d91d564e-0d6e-472d-a281-43aec00ca6b6,"All in one....This is a great application.......but now can't create an account with Macau mobile number, without any proper reason they freeze account, when we try to unfreeze have many unrealistic reason not to unfreeze account.",5,2023-09-14 11:48:38,com.tencent.mm,Account & Login,Account creation and unfreezing blocked for Macau mobile number without clear reason,Negative,High,True,662,58,720,1,1
f9ddf401-8d81-4408-9d6b-8db576628364,Cannot login. So slow.,1,2023-09-14 11:42:31,com.tencent.mm,Account & Login,Cannot login,Negative,High,True,621,44,665,0,0
e127082b-68a3-4ad5-85c9-121bfce119ce,"Yesterday installed WeChat, today no access? Please help. Me and my wife in China using for years now. I changed phone now problems??? Please. I miss my dear love. I'm 72 years old",3,2023-09-14 09:34:03,com.tencent.mm,Account & Login,Unable to access WeChat account after changing phone,Negative,High,True,660,52,712,4,4
06633856-d098-47f1-963b-f2981153be61,Because can't enter log 😡😡😡👎👎👎 and hate update 😡👎👎,1,2023-09-14 07:10:54,com.tencent.mm,Account & Login,Cannot enter login,Negative,High,True,635,45,680,0,0
30ff2783-a564-4686-af2b-f243dd174cfd,Refuses to login always tried different methods gives the same error always even tried reinstalling still doesn't work,1,2023-09-14 00:18:03,com.tencent.mm,Account & Login,Login fails with same error despite multiple attempts and reinstall,Negative,High,True,637,53,690,5,5
a0a8fb6d-79c1-40a1-a8c0-d275fe800fe4,Cant login,1,2023-09-13 16:04:17,com.tencent.mm,Account & Login,Cannot log in,Negative,High,True,619,46,665,0,0
5e57508b-1d1a-46be-a50f-9b8cbee7ec19,I'm trying to sign back up for an account and this has got to be the most ridiculous sign up procedure I've ever seen. I can't sign up unless I know a friend that uses wechat?,1,2023-09-13 14:03:41,com.tencent.mm,Account & Login,Cannot sign up without knowing a WeChat user,Negative,High,True,657,51,708,36,36
837023d2-9d56-4588-87c7-06a6433f751d,VERY2 TERRIBLE APPS...HARD TO LOG IN..USELESS APPS..JUST DELETE THIS APPS..NOTHING GOOD ABOUT THIS APPS..,1,2023-09-13 06:22:03,com.tencent.mm,Account & Login,Hard to log in,Negative,High,True,649,47,696,0,0
e324e9cd-1f70-4489-8b44-1426402f4c48,Such an annoying app can even sign in peacefully.how would i know who uses the app and it's always saying that try again try again like what am supposed to do!!??,1,2023-09-13 04:01:15,com.tencent.mm,Account & Login,Login attempts repeatedly fail with 'try again' message,Negative,High,True,652,53,705,5,5
9e47c024-7337-415e-848b-6a9804bdb6bb,"Trash, its hard to relogin into another phone. No cure no cure",1,2023-09-12 19:44:25,com.tencent.mm,Account & Login,Difficulty relogging into account on another phone,Negative,High,True,631,50,681,4,4
94d07c12-e5db-4dfb-8524-a39e2b2b6329,Unable to sign up. Please try and fix it,1,2023-09-12 14:37:04,com.tencent.mm,Account & Login,Unable to sign up,Negative,High,True,626,46,672,0,0
3f1c25a5-bb8a-4b5e-9a5c-24cc9d668bd4,"i'm trying to make an account, but never succeed. i've been trying for weeks and up till now i still can't make an account",1,2023-09-12 13:50:35,com.tencent.mm,Account & Login,Unable to create account after multiple attempts,Negative,High,True,645,49,694,5,5
4961d7f4-a92d-4ce8-ac1d-9afae248c507,Can not login to my account. The verify identity page freeze,1,2023-09-12 06:51:00,com.tencent.mm,Account & Login,Verify identity page freezes during login,Negative,High,True,628,48,676,13,13
b9ebd52b-2924-4a66-8ca9-5f2e5f488f26,Can someone help me get verified 🥺🥺,1,2023-09-12 06:32:04,com.tencent.mm,Account & Login,User unable to complete verification process,Negative,High,True,626,48,674,13,13
3c84939f-8224-4984-91b6-45021700c2e5,I CAN'T LOG IN,1,2023-09-12 05:36:24,com.tencent.mm,Account & Login,Cannot log in,Negative,High,True,621,46,667,0,0
374eb2c9-2634-4a3d-b989-086d422d32e9,So deficult to recover ur old account,1,2023-09-12 04:07:09,com.tencent.mm,Account & Login,Difficulty recovering old account,Negative,High,True,624,46,670,38,38
649b8c78-aa3b-4de4-88d2-27311c726658,I am trying to sign up but i cant please let me know how?,1,2023-09-11 12:57:06,com.tencent.mm,Account & Login,Unable to sign up,Negative,High,True,630,46,676,0,0
a887680d-4c42-42fc-8c01-e37ffef1d413,"My account got blocked for no reason, verification codes arrive very late,most of the times they don't even send verification codes. Greet your friends often ,you get blocked too. Customer service worst of all, they take 2 months to reply to you. This is trash.",1,2023-09-11 12:24:56,com.tencent.mm,Account & Login,"Account blocked without reason, verification codes not received or arrive very late",Negative,High,True,672,56,728,2,2
8c630268-d1a5-4099-a9cb-88d371db5c44,"When I try to log in my old account, I can't open it anymore. :||",1,2023-09-11 11:27:56,com.tencent.mm,Account & Login,Cannot access old account after login attempt,Negative,High,True,635,49,684,32,32
872ff6c6-90db-4c18-9560-29486a61a76a,i not have friend and i cant regis this lol,1,2023-09-11 08:44:50,com.tencent.mm,Account & Login,Unable to register due to lack of friends,Negative,High,True,627,51,678,3,3
ba5f4e13-4cef-4f69-a265-8216e0385b05,I don't receive the SMS to login. Trying for weeks. I'm from Sri Lanka. +94 country code. Please fix.,1,2023-09-11 05:41:55,com.tencent.mm,Account & Login,SMS verification code not received,Negative,High,True,643,47,690,31,31
ff7008ae-15d4-449b-a41b-04dded62c461,"When I want to upload a pic or video or edit a pic, the app crashes and closes. I get an error of java.lang.OutofMemoryError. It happened since a few weeks. I use the same phone and never had this problem before. My app is up to date. Telegram X doesn't give this error but it's limited in its capabilities. I tried cleaning cash, data etc., removing the app and reinstalling, installing the app from the Telegram website and none of it works.",1,2023-09-19 14:14:26,org.telegram.messenger,Bugs & Technical Issues,App crashes with java.lang.OutOfMemoryError when uploading or editing media,Negative,High,True,716,59,775,5,44
49c0a146-e063-4d0d-87c8-5169335c342f,Same complaint with Bonya Malek below. Everything seems to be loading until I uninstall and reinstall and then it starts again. Apart from the desktop version on my pc,1,2023-09-19 13:31:53,org.telegram.messenger,Bugs & Technical Issues,App repeatedly fails to load properly until uninstalled and reinstalled,Negative,High,True,650,57,707,11,50
b0556d15-4a71-4750-b5bc-0c3b33292d3d,Suka tertutup sendiri stresss aku babi,1,2023-09-19 12:08:35,org.telegram.messenger,Bugs & Technical Issues,App closes unexpectedly,Negative,High,True,628,48,676,0,39
24e334a6-61a8-4141-a896-008005a64342,Download problem,5,2023-09-19 10:38:21,org.telegram.messenger,Bugs & Technical Issues,Download problem,Negative,Medium,True,618,46,664,2,41
db22e06b-2ba0-44f5-8f43-254d72487e5c,Why it's not opening every time it's showing me internal error we can't send sms 😭,1,2023-09-19 10:14:54,org.telegram.messenger,Bugs & Technical Issues,App shows internal error and cannot send SMS,Negative,High,True,636,53,689,4,43
39d6ebe4-800c-43fd-ad6a-d01c2c71104e,Very bad update I was download the file 3.5GB download complete but file missing,1,2023-09-19 08:41:26,org.telegram.messenger,Bugs & Technical Issues,Downloaded file missing after completion,Negative,High,True,634,50,684,2,41
e0dc239f-d797-40c0-b029-0f8aacb30d02,Open app not,1,2023-09-19 07:45:06,org.telegram.messenger,Bugs & Technical Issues,App fails to open,Negative,High,True,619,48,667,0,39
744ebf79-9b04-4bed-bcec-8df869e4cac3,Always not working from many days it seems connecting always,1,2023-09-19 06:15:54,org.telegram.messenger,Bugs & Technical Issues,Connection issues persist for many days,Negative,High,True,626,51,677,16,55
04524d62-d7e2-4b6d-b032-27c98c7bcb09,there's a lot of technical issues,1,2023-09-19 15:05:58,com.facebook.orca,Bugs & Technical Issues,There are multiple technical issues,Negative,Medium,True,623,49,672,7,46
c63f4fbc-410f-4752-8921-a547dfffd64e,Lots of bugs,1,2023-09-19 14:54:17,com.facebook.orca,Bugs & Technical Issues,Numerous bugs present in the application,Negative,Medium,True,619,51,670,7,46
65c139fe-2c29-4c61-a981-6f3efa5433b1,"A lot of bugs, I can't see the photos that someone send ogln image,link and etch.",1,2023-09-19 14:53:21,com.facebook.orca,Bugs & Technical Issues,Photos sent by others not visible in chat,Negative,High,True,638,52,690,19,58
7ebf2c4f-20aa-4723-a34d-f2a37850f660,A lots of bug and one time i have to reset my phone because when i tried to vote and then its stuck on Creating a poll and i cant touch anything.,1,2023-09-19 14:51:01,com.facebook.orca,Bugs & Technical Issues,"App freezes on 'Creating a poll' screen, requiring phone reset",Negative,High,True,648,57,705,20,59
611cfaf8-2635-4086-a012-5a61f34ab36c,"Hey, Why messenger Always crashing on my device, Please Fix this",2,2023-09-19 14:22:49,com.facebook.orca,Bugs & Technical Issues,App crashes on device,Negative,High,True,629,49,678,0,39
65c909dc-9a6f-447b-b3a2-431caefdaecc,can't open,1,2023-09-19 14:10:54,com.facebook.orca,Bugs & Technical Issues,App cannot be opened,Negative,High,True,619,49,668,0,39
3ec3dcf2-6990-4229-a2cd-ca608f87b625,"It stops working and I can't get messages or calls, also impossible to send anything. Internet connection is excellent at this time.",3,2023-09-19 14:10:16,com.facebook.orca,Bugs & Technical Issues,"App stops working, preventing messages and calls",Negative,High,True,641,52,693,4,43
296749f8-603d-4dc4-9cd8-0dab4a035f5c,Lots of bugs! It's so hard to use the app! The convo is not appearing! Nakakabadtrip naaaaaa!,1,2023-09-19 14:05:06,com.facebook.orca,Bugs & Technical Issues,Conversations not appearing in the app,Negative,High,True,642,51,693,1,40
8b58a9a6-a29e-4b7f-830d-d5d358dfc868,"This app constantly crashes on chathead and delays messages, gives the wrong time when messages are read.",1,2023-09-19 14:01:53,com.facebook.orca,Bugs & Technical Issues,App crashes on chathead and delays messages with incorrect read time,Negative,High,True,635,56,691,21,60
86aa8c2d-8dd8-4f81-892e-62f5134fa203,Can't open files,1,2023-09-19 13:44:20,com.facebook.orca,Bugs & Technical Issues,Cannot open files,Negative,High,True,620,47,667,9,48
51655c19-aa8c-4c0d-8735-d7f054333c40,i cant download it to my phone even i have an enough space,1,2023-09-19 13:43:40,com.facebook.orca,Bugs & Technical Issues,App download fails despite sufficient storage,Negative,High,True,629,51,680,3,42
86e68aa6-2acf-4446-8b60-fb5bf40b3a0a,Why i cant install this app,5,2023-09-19 13:02:30,com.facebook.orca,Bugs & Technical Issues,App installation failure,Negative,High,True,622,47,669,3,42
3ba47e2b-d4df-43dd-9bb0-0fccae3f10ed,"Y*wa, Inyong MESSENGER angkol dli mo gana watdafak. Tanan VM dinako ma dungog pati ang GIF nga gina send dinako ma view waa!!!!",1,2023-09-19 12:46:51,com.facebook.orca,Bugs & Technical Issues,Audio and GIFs not playing or visible in messages,Negative,High,True,661,55,716,1,40
164539b8-ffeb-4b56-9b8a-98abad48122e,𝑴𝒆𝒔𝒔𝒆𝒏𝒈𝒆𝒓 𝒉𝒂𝒔 𝒔𝒕𝒐𝒑𝒑𝒆𝒅,1,2023-09-19 12:46:44,com.facebook.orca,Bugs & Technical Issues,Messenger has stopped,Negative,High,True,641,48,689,15,54
b31d9668-02ee-4b1a-a155-c946d15f9eed,I have a bad situation.... because messenger app new updates not installing.... fix this issue... thanks messenger team.....❣,1,2023-09-19 12:33:07,com.facebook.orca,Bugs & Technical Issues,App update installation failure,Negative,High,True,639,48,687,3,42
90bd4ccf-c032-4418-99be-cbff3c522004,Don't enjoy the every so often glitches that seem bound to happen regardless of the amount of updates to the app happen,4,2023-09-19 12:25:12,com.facebook.orca,Bugs & Technical Issues,App glitches persist despite updates,Negative,Medium,True,639,49,688,18,57
792f0170-7409-41b6-abef-a210c269c452,Can't be updated!,2,2023-09-19 12:21:55,com.facebook.orca,Bugs & Technical Issues,App update failed,Negative,High,True,620,47,667,3,42
108aa93e-f6fd-4312-80d3-a26afee7e038,After update the app always hangs,3,2023-09-19 12:05:56,com.facebook.orca,Bugs & Technical Issues,App hangs after update,Negative,High,True,622,48,670,10,49
f9894f5b-f869-47d5-81b4-a02a1a582109,terrible I can't even make any calls,1,2023-09-19 12:00:56,com.facebook.orca,Bugs & Technical Issues,Cannot make calls,Negative,High,True,625,48,673,6,45
434adfae-15c3-4a9b-a0c1-29662f106e1d,Carnt cornett to fb light,1,2023-09-19 11:49:13,com.facebook.orca,Bugs & Technical Issues,App fails to connect to Facebook Light,Negative,High,True,623,52,675,25,64
99dfb17a-b047-4999-9152-07824b017bc3,జిమ్ రాజ్ బాల్రాజ్ డౌన్లోడ్ వాట్సాప్,1,2023-09-19 03:57:00,com.whatsapp,Bugs & Technical Issues,App download failure for Jim Raj Ballraj WhatsApp,Negative,High,True,672,53,725,17,56
99083438-d1b0-4cf4-8ef0-c3407dd0f477,My whtup is not responding,1,2023-09-18 17:43:56,com.whatsapp,Bugs & Technical Issues,App not responding,Negative,High,True,623,48,671,0,39
eb33b297-fa97-4807-a920-de452904a6c3,"Viber keeps on crashing, I cannot make and receive calls. I cannot search anything within viber. When I try to message someone from a group, it always says it's syncing and it's just stuck there for q long time. Now that I have reinstalled it, it keeps on closing and I get the notice that Viber closed because this app has a bug. I used to love Viber but now I can hardly use it properly.",1,2023-09-19 10:04:09,com.viber.voip,Bugs & Technical Issues,App crashes and fails to function properly after reinstallation,Negative,High,True,706,54,760,11,50
9efd1132-ecc9-4434-9f10-c529667a911b,"I tried updating, however, it all became white and never load.. What happened?",1,2023-09-19 08:22:48,com.viber.voip,Bugs & Technical Issues,App screen turns white and fails to load during update,Negative,High,True,632,55,687,10,49
d81bf2fe-7d25-4ebb-ac58-fb5ad5cc0e61,"It used to be 5 stars, but now the desktop version has a lot of problems (Windows and Linux). Lots of problems to describe. You'd better test everything!",3,2023-09-19 02:32:24,com.viber.voip,Bugs & Technical Issues,Desktop version has multiple technical problems on Windows and Linux,Negative,Medium,True,650,55,705,12,51
df0faf94-d78f-4f9d-8409-18a8a8d825e9,Many times can't call,1,2023-09-18 14:53:25,com.viber.voip,Bugs & Technical Issues,Calls fail repeatedly,Negative,High,True,621,48,669,6,45
20e88409-e3a5-4b6b-85b3-ac91fbc36709,Call keeps on getting dropped even with a strong internet,1,2023-09-18 11:34:43,com.viber.voip,Bugs & Technical Issues,Call keeps getting dropped despite strong internet,Negative,High,True,626,52,678,6,45
5bd646e1-e462-4634-97fd-f94fafab63fa,Видео връзката често се прекъ,4,2023-09-18 09:40:42,com.viber.voip,Bugs & Technical Issues,Video call frequently disconnects,Negative,High,True,630,50,680,6,45
a2592b30-448a-4325-816e-5bb7f51aeb64,"The most stupid app ever, i tried many times to install it and every time it says check your recent calls to verify the number, and it never calls.",1,2023-09-18 02:09:04,com.viber.voip,Bugs & Technical Issues,App fails to initiate verification call despite repeated attempts,Negative,High,True,647,54,701,8,47
f1e15a2e-ad44-436e-bf6d-80b20b8e2da1,Its good but everytime it dont work i unstall it an get it again it dont work it u guys need to fix it bc this is the only thing my boyfriend has cant see him bc of long distens,5,2023-09-19 13:34:27,com.snapchat.android,Bugs & Technical Issues,"App fails to work after installation, requiring repeated reinstallation",Negative,High,True,658,56,714,11,50
014a929e-6009-42ee-b826-b88bac275eb2,🐛🐛🐛🐛🐛🐛🐛🐛🐛🐋🌵🌻🌻🍃🍃🍃🍃🍃🍃🌵🌵🌵🌵🌵🍃🌵🌵🌵🌵🌵🌵🌵🌵🌵🌵🌵🌵🌵🍃🍃🍃🍃🍃🦕🦕🦕🦕🦕🦕🦕🦕🦕🦕🦕🦕🦕🦕🍃,1,2023-09-19 13:34:00,com.snapchat.android,Bugs & Technical Issues,App crashes during use,Negative,High,True,674,49,723,0,39
901670ee-3488-4491-9ae0-ca26d99fe9d3,This app is best but it can't install in my phone it's pending problem please can you solve this problem,4,2023-09-19 13:16:43,com.snapchat.android,Bugs & Technical Issues,"App installation pending, fails to install",Positive,High,True,638,51,689,3,42
a3614683-abfc-46ba-9b1a-abb776167968,A very buggy experience with my pixel 6a phone. Most times I'm not able to see the previous messages. I have to force close the application and open it again to view the messages.,3,2023-09-19 12:33:47,com.snapchat.android,Bugs & Technical Issues,Previous messages not visible; app requires force close to reload messages,Negative,High,True,655,57,712,14,53
851dfe2c-e88b-4e55-889f-83a815bf4743,What's wrong for today always crash out can't upload picture or video,1,2023-09-19 13:51:13,com.tencent.mm,Bugs & Technical Issues,App crashes when trying to upload picture or video,Negative,High,True,630,54,684,5,44
426b9b85-f308-4a6e-917b-d5f843da6646,I have difficulty in downloading and installing the app. I don.t know why it is doing that. Any help?,1,2023-09-17 14:39:05,com.tencent.mm,Bugs & Technical Issues,App installation failure,Negative,High,True,638,47,685,3,42
480fe2b4-8f65-4d20-9633-0a2ef6af37d9,Does not connect,1,2023-09-16 15:44:01,com.tencent.mm,Bugs & Technical Issues,App does not connect,Negative,High,True,619,49,668,0,39
7195ba81-f7a8-4111-92e3-c51c93223dfa,When I download pic from chat showing me double pic and one are showing pic broken,1,2023-09-14 13:15:09,com.tencent.mm,Bugs & Technical Issues,Downloaded picture shows duplicate and broken image,Negative,Medium,True,632,52,684,24,63
4bfcc673-53ea-46e3-9f84-20e43b965df5,Not compatible with pixel 7 pro,1,2023-09-13 09:02:53,com.tencent.mm,Bugs & Technical Issues,App not compatible with Pixel 7 Pro,Negative,High,True,623,52,675,13,52
d50176cd-e1d3-4d3a-85a8-6f4c3881f7ce,"Its used to be the best messaging app in China. But with all the bugs it is hard to use it. First fix all bugs then implement new features else you will have too many bugs. This app has a serious issue with sound management. Everything time I make a call with Bluetooth earphone, i have to close the app and restart it. The sound when making a videocall is always set to max and cannot be turn down. Everybody around you will know that you are making a video call. Worst messaging app in China.",1,2023-09-13 08:38:09,com.tencent.mm,Bugs & Technical Issues,App requires restart to fix Bluetooth audio issues during calls,Negative,High,True,723,54,777,22,61
e25bbe12-ea02-4196-84ea-0fa48e08228a,"Hi team wechat, why I use realme c30s to scan my another phone redmi note 11pro to migrate my realme c30s still network error 😤😤😤. My WiFi 2.4G still no problem and can using. I hope can fix this problem. Thank you",1,2023-09-11 15:34:05,com.tencent.mm,Bugs & Technical Issues,Network error during device migration between Realme C30s and Redmi Note 11 Pro,Negative,High,True,682,65,747,23,62
eb99e680-2a4a-47b5-8278-6243a8485084,"I want WeChat I installed it but it doesn't install, how can I help?",5,2023-09-11 10:41:31,com.tencent.mm,Bugs & Technical Issues,App installation fails,Negative,High,True,633,47,680,3,42
489df121-ee6f-4d12-ab07-1c25216ddb19,"best app, even if they just destroyed the search",5,2023-09-19 13:59:34,org.telegram.messenger,Feature Problem,Search function not working after recent update,Negative,High,True,626,49,675,2,67
12a59d65-5ffd-4302-9133-99da97923e11,میگه که به 500 تا کانال و گروه عضو هستی و به سقف مجاز رسیدی ولی اینطور نیست و هیچ کانال و گروهی ندارم که عضو باشم توش لطفا بررسی کنید و بگید چیکار باید کرد ممنون!,3,2023-09-19 13:22:29,org.telegram.messenger,Feature Problem,Incorrect display of channel and group membership count,Negative,Medium,True,711,50,761,51,116
647bb0ee-5aab-4274-b652-b19db27fa3f8,"Sometimes, when I want to open any chat, whether private chat,group, or channel information, I couldn't see any message even though I got notification. Please repair back the app for normal because it has been harder for me to use on education study. It's really tiring for me to uninstall this app and redownload back.",1,2023-09-19 13:08:46,org.telegram.messenger,Feature Problem,Messages not visible in chats despite receiving notifications,Negative,High,True,683,50,733,4,69
2aafba4c-6ebf-4618-b398-b2c04c4295d2,"When I send a photo in view once mode, why that photo is saved in my telegram sent folder..? It's shoown in our public telegram sent folder of gallery, which is disgusting... The photos or videos sent in view once mode shouldn't be saved & shown in our public gallery or library...😏",1,2023-09-19 11:14:32,org.telegram.messenger,Feature Problem,Photos sent in View Once mode are saved in Telegram's public sent folder,Negative,Medium,True,678,56,734,31,96
c6110b5d-fea2-40cd-9cfa-21ce085a5cd3,Unable to go back to previous messages after 3 months.,2,2023-09-19 11:06:35,org.telegram.messenger,Feature Problem,Cannot navigate back to messages older than 3 months,Negative,Medium,True,627,51,678,41,106
1f7cc370-1ef2-47d5-a9eb-8bf5fd775876,"There is a problem in the download section, it is not possible to download more than 2 files at the same time and other files are canceled (on Android 13).",4,2023-09-19 10:36:35,org.telegram.messenger,Feature Problem,Unable to download more than 2 files simultaneously; other downloads are canceled,Negative,Medium,True,651,56,707,37,102
7b813a95-23d2-4366-81d0-6404b11c40a6,"No flahs at front camera, quality is bad, can't find usere or groups. Not intuitive app. On ios works much better.",1,2023-09-19 10:27:29,org.telegram.messenger,Feature Problem,Front camera flash not working and poor camera quality,Negative,Medium,True,645,51,696,40,105
03b28519-fc31-4e66-b558-e24448b0cd48,"Why is the people nearby feature not working anymore, with all the requirements in order ?",3,2023-09-19 09:56:03,org.telegram.messenger,Feature Problem,People nearby feature not working despite meeting requirements,Negative,Medium,True,633,49,682,35,100
161ed189-88ac-4f60-ac5f-f27a3ea65bd2,Galti se bhi paise dekar subcribtion na lena koi fayda nahi. Mera paisa barbad gaya,1,2023-09-19 05:55:14,org.telegram.messenger,Feature Problem,Subscription payment not resulting in access or benefits,Negative,High,True,649,50,699,33,98
c9518bb2-c0f4-40d8-b23e-fe9b67c6c7c0,A video or image's quality blurs when it is saved fr. Plsss give us new good update..... 🤮🤮🤮🤮🤮🤮,1,2023-09-19 14:53:40,com.facebook.orca,Feature Problem,Video or image quality blurs when saved,Negative,Medium,True,646,49,695,49,114
d2bb94b3-6b4f-42a2-8129-4f8de2b972de,I have an issue regards the error playing on voicemails its very upsetting..,1,2023-09-19 14:46:11,com.facebook.orca,Feature Problem,Voicemail playback error,Negative,Medium,True,632,45,677,5,70
dfbed679-75c3-4a77-b85f-2dd5837b87ac,i don't have a notes in my messenger,1,2023-09-19 14:40:36,com.facebook.orca,Feature Problem,Notes not appearing in messenger,Negative,Medium,True,625,46,671,12,77
91d12390-07ba-48e3-be8d-3403e7c3940a,I can't update it.,1,2023-09-19 14:11:22,com.facebook.orca,Feature Problem,Unable to update the app,Negative,High,True,621,46,667,3,68
6c472c0e-1aa4-4424-8f50-8ae336a9046c,3 STARS KASI WALA AKONG KA CHAT BUKOD SA GC NAMIN SA SCHOOL HMMP,3,2023-09-19 14:11:12,com.facebook.orca,Feature Problem,Cannot chat with users outside of school group chat,Negative,Medium,True,640,51,691,8,73
44cff1ec-29a5-4247-bf73-0877d48ccb8f,Can't send any messages it keeps saying connecting. It's not connected in 2 days,2,2023-09-19 14:06:33,com.facebook.orca,Feature Problem,Messages fail to send due to persistent 'connecting' status,Negative,High,True,634,52,686,50,115
c1dad073-b74d-4aa9-8769-3e94f78e8ea6,What is this non sense. I am unable to send message,1,2023-09-19 14:01:50,com.facebook.orca,Feature Problem,Unable to send messages,Negative,High,True,628,45,673,21,86
859f7853-8c47-4506-893a-445b7df89ef9,Because I can't do the notes²,1,2023-09-19 13:59:14,com.facebook.orca,Feature Problem,Notes feature not functional,Negative,High,True,624,45,669,12,77
d1353f02-1b4c-45f9-b948-2084f43eaba4,"Messenger is glitchy. Selling things on Marketplace & someone contacts you about the item, sometimes you can pull up ""View Their Profile Page"" it won't. It won't even give you their full name, just first name & initial of last name. Messenger Lite gave full name. I like Messenger Lite a lot better than Messenger. I DON'T like being forced to use Messenger. I'm considering deleting it. I'd delete Facebook off my phone as well but it's pre-installed, that's a bunch of cra*.",1,2023-09-19 13:43:47,com.facebook.orca,Feature Problem,"View Their Profile Page not showing full name, only first name and initial of last name",Negative,Medium,True,722,59,781,39,104
6a183dab-d68f-4ee9-a87d-6843de5c5c08,My microphone disappeared on my messenger and now I can't voice clip any.,2,2023-09-19 13:42:28,com.facebook.orca,Feature Problem,Microphone not available in messenger for voice clips,Negative,Medium,True,630,50,680,10,75
d977ece7-1b18-41a2-a675-676e5cbe3db4,I can't send any video to my friend group,1,2023-09-19 13:22:57,com.facebook.orca,Feature Problem,Cannot send video to friend group,Negative,Medium,True,626,47,673,1,66
41a64b77-889d-42f3-b72b-f4c64bf2917b,I don't have the notes yet 🤯🤯,1,2023-09-19 13:18:51,com.facebook.orca,Feature Problem,Notes feature not available,Negative,Medium,True,627,46,673,12,77
8f150f8a-180c-4011-b4c1-9cdc5099e7a5,Why can't I play the voice messages sent to me?,1,2023-09-19 13:16:09,com.facebook.orca,Feature Problem,Cannot play voice messages sent to me,Negative,Medium,True,627,48,675,5,70
2e9f731c-8606-412c-a472-aa441925be83,I cant chat on our groupchat,5,2023-09-19 13:02:44,com.facebook.orca,Feature Problem,Cannot chat in group chat,Negative,High,True,623,46,669,8,73
74abdd0a-59a7-437d-80e6-9c9da4c277a5,TANGINA NIYO BAT WALA YUNG ANO MESSENGER NOTES KO PATI IBALIK NIYO EMOJI KO😭😭,1,2023-09-19 12:57:41,com.facebook.orca,Feature Problem,Lost Messenger notes and emojis not restored,Negative,High,True,647,48,695,44,109
bf099a52-33ee-40af-bbca-2fb65a581430,Its hard to delete message,3,2023-09-19 12:48:22,com.facebook.orca,Feature Problem,Unable to delete messages,Negative,Medium,True,621,46,667,21,86
a9257e16-0dda-4d86-8ac3-b83ba59ce1df,I enjoy using it. I don't like the way it saves messages though.,3,2023-09-19 12:35:43,com.facebook.orca,Feature Problem,Messages are saved in an unwanted way,Negative,Medium,True,631,49,680,47,112
3861df09-8c46-4566-91db-87c4fb4bf743,Bigla nag log pag nka chat head di ma scroll pa baba ung dapat I message,3,2023-09-19 12:30:41,com.facebook.orca,Feature Problem,Cannot scroll down in chat head to view messages,Negative,Medium,True,635,51,686,19,84
197f455e-b060-48dc-bb8f-ed686f262f50,"I've been using the app for many years now, this is the first time that i encountered an annoying bug, I cannot download files in the app, i dont know why, it just doesnt download the file, can you please help? Dowloading files is really essential for me.",1,2023-09-19 12:26:49,com.facebook.orca,Feature Problem,Files cannot be downloaded in the app,Negative,High,True,672,49,721,3,68
2fb821a5-48b0-4d3b-b59e-62d330edb4bd,The app will only notify me of a notification if the app is open even though it is set not to sleep. If I close it I get nothing until I open it again. It does work as it should occasionally but it's very sporadic. Samsung Galaxy A53 5G Android 13.,1,2023-09-19 12:19:54,com.facebook.orca,Feature Problem,Notifications not delivered when app is closed,Negative,Medium,True,678,48,726,4,69
8c874469-fadf-42c5-afc7-eb58f727432d,Why I can't messege my new friends?,1,2023-09-19 12:18:53,com.facebook.orca,Feature Problem,Unable to message new friends,Negative,Medium,True,626,46,672,21,86
edc492b9-22ef-4268-8f0b-63d9d5da7a3c,Pag chance ko mag hitter ....nag kandarapa na Ang line...parang sinasadya..kaainis...Hindi ko na mapindot. Agad tapos balik lang Ang line pag talo na...ako,1,2023-09-19 12:06:33,com.facebook.orca,Feature Problem,Game line resets immediately after losing,Negative,Medium,True,666,48,714,48,113
56b47aaf-d332-4e8e-a595-a201d36e84fd,"I have no messenger,what happen this messenger",3,2023-09-19 11:59:30,com.facebook.orca,Feature Problem,Messenger feature not available,Negative,High,True,625,45,670,10,75
a56bcf01-bdd1-4b8c-9ceb-2c7d575315ec,"Post update, I can see that the channels added but I cant the staus that I have hide.",1,2023-09-18 17:57:49,com.whatsapp,Feature Problem,Cannot see the status of hidden channels,Negative,Medium,True,636,48,684,43,108
ef95d4a0-0800-4987-ac47-c1ec5dcaefda,It's has improved very much. But still I am facing some problem in sending long videos.,4,2023-09-18 17:57:09,com.whatsapp,Feature Problem,Unable to send long videos,Positive,Medium,True,634,46,680,1,66
9a2d809c-776d-4539-bbe1-607ca63465fb,In this new update i can't seen new features i dont know why is that.,3,2023-09-18 17:55:18,com.whatsapp,Feature Problem,New features not visible in the latest update,Negative,Medium,True,632,49,681,2,67
141896b2-8383-4602-a982-127e9933ebc3,"Now, It is no longer messaging app. It is now turning to social media app like insta, facebook, etc. I can't able to upload video on my status, I tried with other phones and accounts but it doesn't work. Now it's time to switch to other messaging app like telegram or signal.",1,2023-09-18 17:52:10,com.whatsapp,Feature Problem,Unable to upload video to status,Negative,High,True,679,48,727,1,66
ca13bbb8-fd47-4047-8170-eef054a63b3d,My whtapp is no update,1,2023-09-18 17:43:15,com.whatsapp,Feature Problem,WhatsApp app not updating,Negative,High,True,623,46,669,46,111
3ec2da84-2b69-41a6-8073-7de958aa8875,Photos and videos quality problem,1,2023-09-18 17:41:20,com.whatsapp,Feature Problem,Photos and videos quality is poor,Negative,Medium,True,621,48,669,6,71
c75fbf2c-6d2f-441a-a731-a171b1fca2fb,Photo quality gets down when I upload a story.,1,2023-09-18 17:39:25,com.whatsapp,Feature Problem,Photo quality degrades when uploading a story,Negative,Medium,True,625,50,675,6,71
740768aa-dadd-49c7-8635-ea9531c7f951,Channel recommendations show in status worst app don't be installed,1,2023-09-18 17:37:48,com.whatsapp,Feature Problem,Channel recommendations show incorrectly in status,Negative,Medium,True,627,47,674,32,97
c87350bf-2214-4a8a-8d98-ab75e780534b,"I have a concern with my viber, im using desktop viber in office but the problem now is that, i cant print the doc that was send to me and also the doc that was send are pixelized. How can i fix it. Thanks.",3,2023-09-19 07:00:09,com.viber.voip,Feature Problem,Documents received in Viber are pixelized and cannot be printed,Negative,Medium,True,667,53,720,29,94
a782e1cc-af91-4725-b923-7dbed91e68d3,I’m not seeing Olin my mobile  Good,5,2023-09-19 03:54:22,com.viber.voip,Feature Problem,Olin not visible on mobile,Negative,Medium,True,626,48,674,26,91
71d5d079-f69d-4256-810a-69d32f976a1a,Amazing app to make calls and messages. Only thing is Can't track the missed calls.,4,2023-09-19 03:16:31,com.viber.voip,Feature Problem,Missed calls not trackable,Positive,Medium,True,633,48,681,38,103
16a42b8c-9fb4-468d-806f-d0cbf6046396,Dark Blue appearance is gone after update.,1,2023-09-19 00:59:42,com.viber.voip,Feature Problem,Dark Blue appearance missing after update,Negative,Medium,True,623,47,670,27,92
2cbc78f8-0609-4f2f-9d09-d0a0a0174a68,I always missed a call. This app doesn't notify me about messages and calls. The message won't sync to my other devices,1,2023-09-18 05:42:55,com.viber.voip,Feature Problem,Notifications for messages and calls are not working,Negative,High,True,642,50,692,4,69
a86249b1-af51-47c0-9375-3b89d65eb93e,"Getting worser and worser contains ads, poor video and audio quality.Plese remove adds.Thank you",2,2023-09-18 03:52:23,com.viber.voip,Feature Problem,Ads are present and negatively impacting video and audio quality,Negative,Medium,True,638,52,690,23,88
ce525d5a-1e24-4757-9e72-9aeb976649a3,keep losing video. video also turns off when u open another app while in a call unlike fb msgr where u can open both msgr and fb app while in a call in msgr.,3,2023-09-17 19:10:20,com.viber.voip,Feature Problem,Video turns off when opening another app during a call,Negative,Medium,True,654,52,706,45,110
28f4bf95-43b5-4b01-a0ce-67dbdf7e85a4,Activation sms is better and easy to start running viber .calling is not too easy.,5,2023-09-17 15:54:57,com.viber.voip,Feature Problem,Calling feature is not easy to use,Negative,Medium,True,633,49,682,42,107
6b591dfb-e94d-4b78-96f1-eaefd1512e13,The messages don't appear as previews.. They keep on disappearing so you never see them!,2,2023-09-17 15:52:40,com.viber.voip,Feature Problem,Messages do not appear as previews and keep disappearing,Negative,Medium,True,633,50,683,24,89
810096e4-18ec-4fd6-86c0-b826f7137d90,Quite some time now the app has stopped sending notifications about texts and calls and I see them only if I log on manually. I noticed this happening to other users too,3,2023-09-17 14:13:24,com.viber.voip,Feature Problem,Notifications for texts and calls not being sent,Negative,Medium,True,649,50,699,4,69
708a884b-c791-41c5-8ec3-d9be327aa61b,Its fun to use but when i accidentally deleted viber all my messages with my friends are deleted,1,2023-09-17 12:38:18,com.viber.voip,Feature Problem,Messages permanently deleted after app deletion,Negative,High,True,635,48,683,28,93
03e56bb5-4f94-4996-80d3-8d1ce4a68d7e,"Why did Viber switched my time show on messages from 24h style to AM/PM style. I haven't changed any phone settings, Viber did this on its own.",3,2023-09-17 12:24:32,com.viber.voip,Feature Problem,Viber changed time format from 24h to AM/PM without user input,Negative,Low,True,653,59,712,36,101
14d3b9a7-8dc6-4b79-a9c7-ab4b3da54d4f,Worst app filters are not working in my phone it happens many times,1,2023-09-19 14:37:54,com.snapchat.android,Feature Problem,Filters not working,Negative,Medium,True,630,45,675,14,79
6af64b49-f520-416a-b354-31891f748954,"The AI, the stories, constant ads from filters and ""news""",1,2023-09-19 14:23:05,com.snapchat.android,Feature Problem,Constant ads from filters and 'news' disrupt user experience,Negative,Medium,True,629,53,682,30,95
7ffb07a2-43a5-41ca-82e9-b66da84b8eac,My Snapchat filters are not loading I have tried everything but my filters are not working. I'm tired of this pathetic!!,1,2023-09-19 14:16:17,com.snapchat.android,Feature Problem,Filters not working,Negative,High,True,640,44,684,14,79
1c704d56-3bdb-4c2e-a36e-20099165f829,My snaps can't backup...do something quickly.....I am reporting ur app otherwise ...i can't tolerate this any more 😑 😑 😑 😑😑😑😑😑😑😑😑😑😑😑😑☹️☹️☹️☹️☹️☹️☹️☹️☹️☹️☹️☹️☹️☹️☹️☹️☹️☹️☹️☹️☹️☹️☹️☹️😑😑😑😑☹️☹️☹️☹️☹️☹️☹️☹️☹️☹️☹️☹️☹️☹️☹️☹️☹️☹️☹️☹️☹️😑😑😑😑😑😑 😑☹️☹️😐😑😑😑☹️☹️☹️☹️☹️☹️☹️☹️😑☹️☹️☹️☹️☹️☹️☹️☹️☹️☹️☹️☹️☹️☹️☹️☹️☹️☹️☹️☹️☹️☹️☹️☹️☹️☹️☹️☹️☹️☹️☹️☹️☹️☹️☹️☹️☹️☹️☹️☹️☹️☹️☹️☹️☹️😒😒😒☹️☹️☹️☹️☹️☹️☹️☹️☹️☹️☹️☹️☹️☹️☹️☹️☹️☹️☹️☹️☹️☹️☹️☹️☹️☹️☹️☹️☹️☹️☹️☹️☹️,1,2023-09-19 14:02:40,com.snapchat.android,Feature Problem,Snaps not backing up,Negative,High,True,945,46,991,0,65
b119fd7f-563c-4705-9353-1741cf22372c,"I loved snapchat... I mean I still do but.. this is getting me irritated... the thing is from the last few days I have been sending spotlight and it's getting a lot of views... I tried to send a spotlight today but it just says snap status ""not selected"" even if it's not an in appropriate spotlight or a harassing one i just sent something that was relatable to most of the people.... I don't know why snapchat is doing this plz try to make sure this will recover...",4,2023-09-19 13:45:51,com.snapchat.android,Feature Problem,Spotlight submission shows 'not selected' error despite valid content,Negative,Medium,True,717,53,770,22,87
8585ca9e-b76b-481e-a727-87cca91a0fc2,"Wont let me access my photos, says no camera roll access while it has access",3,2023-09-19 13:45:22,com.snapchat.android,Feature Problem,App denies access to camera roll despite having permission,Negative,High,True,633,51,684,25,90
6681aa79-a2f9-4ec0-bdfc-cb9788646548,The filters are not working any more pls fix this problem,1,2023-09-19 13:07:34,com.snapchat.android,Feature Problem,Filters not working,Negative,Medium,True,627,45,672,14,79
ab764290-bbbc-4d3f-99f7-7735a55aa434,My snap filters get blurred and videos get stucked,1,2023-09-19 13:04:15,com.snapchat.android,Feature Problem,Snap filters get blurred and videos get stuck,Negative,Medium,True,626,50,676,0,65
0ef3f4eb-0b45-4e34-bc1c-a527c7f172f7,Instagram hindi song not showing problem solved,2,2023-09-19 12:59:44,com.snapchat.android,Feature Problem,Hindi songs not showing on Instagram,Negative,Medium,True,623,49,672,20,85
a0db6535-5eaa-456c-95eb-f8f6dfdb5a85,"I face many issues, Sometimes I don't Send streak to other and I didn't received streak of other peoples",1,2023-09-19 12:34:53,com.snapchat.android,Feature Problem,Streak not sent or received between users,Negative,Medium,True,638,50,688,34,99
d8276339-3945-4aff-903e-eb5b48330c23,I cant use filters even though i have updated the apps several time. Please fix this glitch.,3,2023-09-19 12:33:03,com.snapchat.android,Feature Problem,Filters not working,Negative,Medium,True,634,44,678,14,79
6082b3c5-3f83-47c4-a85d-09855d889be8,There is the bug in Snapchat my last 2 years memories are not showing,1,2023-09-19 12:26:14,com.snapchat.android,Feature Problem,Last 2 years of memories not showing in Snapchat,Negative,Medium,True,631,51,682,17,82
5b7df92f-1295-40cf-91b2-92e32e88b724,非常糟糕，谎称没有广告，然而实际上打开里面的小程序开门见山就是广告。 转发文件，收藏文件都需要下载...... （开发者是忘记指针了么？不懂得超链接？不晓得引用？） PS 打一星是最低一星，能打负分我就打负分,1,2023-09-19 14:39:34,com.tencent.mm,Feature Problem,Ads appear immediately upon opening小程序 despite claims of no ads,Negative,High,True,684,52,736,11,76
33be89ff-30b8-43e0-a12a-b2d2854303ee,Video calls cannot go through bluetooth devices like earphone. Need to fix.,3,2023-09-18 04:51:29,com.tencent.mm,Feature Problem,Video calls not working with Bluetooth earphones,Negative,Medium,True,630,50,680,18,83
f9abda66-ed82-4103-9240-607791b9c8e9,Discover function's hot channel is gone after the system enabled easy mode,1,2023-09-17 09:36:40,com.tencent.mm,Feature Problem,Discover function's hot channel missing after enabling easy mode,Negative,Medium,True,629,52,681,15,80
7e5566fc-e021-4b75-bdd4-7bbc0e7eaabd,Why thus it need to scan from a friend waht if i don't have friend who had we chat . What should we do i will change the star after the problem is solved😤😡😡🤬,1,2023-09-14 13:44:55,com.tencent.mm,Feature Problem,Unable to scan QR code without a friend who has WeChat,Negative,High,True,656,54,710,13,78
1195d3e5-eb28-4544-a70d-8068bc783f9e,After the new update. Log in path is getting worst.why u make it far more worst when alots of people so happy to use it?. Please fix it..i'll give it 5 star if this getting fixed..tq.,1,2023-09-14 09:57:28,com.tencent.mm,Feature Problem,Login path degraded after update,Negative,Medium,True,664,46,710,16,81
4035a114-a16d-46bb-825d-dc121346eca1,Scan is not working. Tried retrying several times and it doesn't get me back to my account.,1,2023-09-12 16:09:33,com.tencent.mm,Feature Problem,"Scan feature not working, fails to return to account",Negative,High,True,636,52,688,9,74
eb86f4ed-713f-40d4-8966-adf1a95de3a3,why can't add my account by nearby,3,2023-09-11 20:52:25,com.tencent.mm,Feature Problem,Unable to add account via nearby feature,Negative,Medium,True,624,48,672,7,72
3f4d72ec-123d-4ae3-a82d-1a61dcf734e3,now how to mute stories?,3,2023-09-19 14:37:57,org.telegram.messenger,Feature Request,Request to mute stories,Neutral,Low,True,621,45,666,16,133
27c27975-dd3b-4bad-93ff-1db7fb3e74b2,we need a feature to translate text on images. Both for chat and Status. Since we can't take screenshots of some users status to translate using Google lens and we also can't read it since it is in a different language.,1,2023-09-19 10:12:35,org.telegram.messenger,Feature Request,Request to add text translation feature for images in chat and status,Neutral,Medium,True,661,54,715,0,117
c45470dc-a9a6-45de-b5e5-47a74f849438,They want me to be paying every month,1,2023-09-19 09:40:25,org.telegram.messenger,Feature Request,Request to remove monthly payment requirement,Negative,Medium,True,624,48,672,3,120
bf908984-f144-4214-9a2b-ab5ffe2cf94d,its an awesome app but you have to make new groups be see easly,3,2023-09-19 09:16:28,org.telegram.messenger,Feature Request,New groups not easy to see,Positive,Low,True,631,48,679,27,144
0fa823d8-d591-407d-b06c-be00297102c8,Please show music file size so I gave 5 star....,2,2023-09-19 08:49:16,org.telegram.messenger,Feature Request,Request to display music file size,Positive,Low,True,628,47,675,19,136
b7d854f9-2466-4787-a204-de6e6bb3b507,Can I receive new update on messenger I have no new messenger,1,2023-09-19 15:01:03,com.facebook.orca,Feature Request,Request for new update on messenger,Neutral,Low,True,628,47,675,6,123
48717881-514c-464f-b1dc-b1412126124e,WHERE IS THE SHORTCUT TO THIS ? I SEE NOTHING ON THE HOME OR APP SCREEN. POOR JOB BY YOUL INCOPETENT PROGRAMMERS.,1,2023-09-19 14:48:15,com.facebook.orca,Feature Request,Missing shortcut on home or app screen,Negative,Medium,True,649,48,697,25,142
85b8553c-de7d-421d-87e5-fe13ec181dea,"please i want notes in messenger, i can't update mine",2,2023-09-19 14:39:22,com.facebook.orca,Feature Request,Request to add notes feature in Messenger,Negative,Medium,True,628,48,676,21,138
662b40e9-e7a5-43c9-8a2b-538eeaa6346d,Messenger lite is better coz you can send files in it...,1,2023-09-19 14:27:27,com.facebook.orca,Feature Request,Request to add file sending feature to main Messenger app,Positive,Low,True,627,51,678,31,148
0fcae42d-11d4-4fe3-a3b1-a0ae95c216bd,Forcing me to use your bloated app and depreciating the 'lite' version is unacceptable.,1,2023-09-19 14:20:34,com.facebook.orca,Feature Request,Request to restore or maintain the 'lite' version of the app,Negative,Medium,True,635,55,690,28,145
a17805b5-80e8-418f-85a6-552e349e7e93,Dapat sunod mahibal an na kung kinsay ka chat niya lain bisag d nato e open iyang acc para d nata mag overthink peace out haha,3,2023-09-19 14:02:25,com.facebook.orca,Feature Request,Request to show chat partner's identity without opening their account,Neutral,Low,True,654,52,706,20,137
3624aa48-97a6-4de9-b844-f3cc36bafa62,TAKE DOWN THE NOTES THING IT'S ANNOYING,1,2023-09-19 13:24:29,com.facebook.orca,Feature Request,Request to remove the Notes feature,Negative,Low,True,629,47,676,2,119
7207b942-d5b9-4e30-ab26-e6b0f365d1f4,I don't have messenger notes :<,1,2023-09-19 13:09:57,com.facebook.orca,Feature Request,Request to add Messenger notes feature,Negative,Medium,True,624,47,671,21,138
77442183-59f4-43e7-b2c0-8c41e00f1e1c,I don't have a notes(⁠｡⁠•́⁠︿⁠•̀⁠｡⁠) please fix this.,2,2023-09-19 12:24:30,com.facebook.orca,Feature Request,Request to add notes feature,Negative,Medium,True,646,47,693,21,138
1026e598-3f9d-423d-a527-9ab9b7ad500d,Unsend all msg see Update,5,2023-09-19 11:39:09,com.facebook.orca,Feature Request,Request to unsend all messages,Neutral,Medium,True,622,48,670,29,146
fc509cdd-9c58-4695-87bb-ca41bfcb390f,whtsapp ko kyon Instagram jaisa bana rahe ho... Majburan koi dusra app use karna padega Mujhe😣,1,2023-09-19 13:47:19,com.whatsapp,Feature Request,Request to remove Instagram-like features from WhatsApp,Negative,Medium,True,649,49,698,23,140
eae5d7e2-ce28-4150-998a-55ea18c4183e,nobody wants or needs the channels feature. it is stupid. absolute garbage,1,2023-09-19 10:38:33,com.whatsapp,Feature Request,Request to remove Channels feature,Negative,Low,True,631,46,677,1,118
ae4540e7-6ba1-4bc1-9234-c0f2a1465a8d,I noticed the status interface is horrible. Please change it into default one.,1,2023-09-19 08:25:11,com.whatsapp,Feature Request,Request to change status interface to default one,Negative,Low,True,630,49,679,30,147
150be953-1484-4861-bdc4-f941586b4d81,Iwat to unlock,5,2023-09-18 21:41:52,com.whatsapp,Feature Request,Request to unlock,Neutral,Low,True,620,45,665,4,121
f16ea0fc-4ae5-4aaf-9bf7-835b99389ac0,"Before introducing the new of ""channels"" it was great ... But now it's irritating for me personally",2,2023-09-18 17:58:42,com.whatsapp,Feature Request,Request to remove Channels,Negative,Medium,True,636,45,681,1,118
5e65e091-cd9b-400f-9d08-9fa04d6e1fce,Recent update bring channels feature. Personally I don't like it. It is for close people not for public figures. Delete it or give option to disable channels.,1,2023-09-18 17:57:00,com.whatsapp,Feature Request,Request to remove or disable Channels feature,Negative,Medium,True,647,48,695,1,118
efac743d-b89f-44bc-9d22-d9b83facd6de,I want to have voice video call With Mary owie already she has my number,5,2023-09-18 17:56:52,com.whatsapp,Feature Request,Request to enable voice video call with Mary Owie,Neutral,Low,True,632,52,684,24,141
c193253c-1914-4e02-ab06-9a9e64b7b1e2,It was good but not anymore because of its channel feature....plz WhatsApp do it optional....and also if any contact is locked than still people can open it by using lockscreen password....,2,2023-09-18 17:53:28,com.whatsapp,Feature Request,Make the channel feature optional and prevent access to locked contacts via lockscreen password,Negative,Medium,True,654,57,711,9,126
05bfda6f-e2da-4f2c-9522-53159041afe0,New update version is not nice Mainly status view old one is best,5,2023-09-18 17:52:28,com.whatsapp,Feature Request,Request to restore the old status view,Negative,Medium,True,630,49,679,18,135
7844ea7f-c245-4ee9-bc3a-e04e9f554241,"REMOVE THE NEW UPDATES feature Worst feature, Making everything clutter, Need option to hide that feature",1,2023-09-18 17:51:56,com.whatsapp,Feature Request,Request to hide the new updates feature,Negative,Medium,True,635,48,683,32,149
f455aa7e-a1f5-40c3-8af3-c3cf0f3ef074,This is wort update from your side.old version is far better than new version. You can do this update on whtsapp business so please don't do anything new in whtsapp Messenger,2,2023-09-18 17:50:27,com.whatsapp,Feature Request,Request to stop making updates to WhatsApp Messenger,Negative,Medium,True,655,50,705,6,123
49fa5c11-ade5-49b7-bb6e-1640a4719988,"It is most wonderful experience to use this app, new features and updates are also too good. One suggestion/request to make an update in both Whatsapp Messenger and Whatsapp Business: *""Please Enable drage and drop functionality for Status Timeline to watch and stope status at specific time stamp.""*",5,2023-09-18 17:50:21,com.whatsapp,Feature Request,Request to enable drag and drop functionality for Status Timeline to watch and stop at specific time stamp,Positive,Low,True,673,60,733,15,132
7445278b-e6f1-4d04-ab33-464112dee353,I don't need channel tab in Update tab. kindly suggest how to remove?,1,2023-09-18 17:47:30,com.whatsapp,Feature Request,Request to remove Channel tab from Update tab,Neutral,Low,True,631,49,680,1,118
24921cde-9dbb-4958-a496-7ae83fef2f3f,WhatsApp channels 👎,1,2023-09-18 17:47:22,com.whatsapp,Feature Request,Request to remove Channels,Negative,Low,True,620,46,666,1,118
d95d4c88-2135-418e-a45f-1bce5cf29e84,"Please remove that channels, It's getting complicated",1,2023-09-18 17:46:51,com.whatsapp,Feature Request,Request to remove Channels,Negative,Medium,True,625,46,671,1,118
fdada450-aae5-4898-950c-eff2cf8027f0,The worst update ever.... No status sharing options 😭 Only share with FB No use of channel 😕 I want the last version....,1,2023-09-18 17:45:33,com.whatsapp,Feature Request,Request to restore previous version with status sharing and channel functionality,Negative,High,True,643,52,695,18,135
89ebfdd6-4d3e-4947-8450-5080b3d4588a,Need watshop start with messenger,1,2023-09-18 17:45:19,com.whatsapp,Feature Request,Request to start WhatsApp directly from Messenger,Neutral,Low,True,622,49,671,22,139
c9197c24-f4f8-489c-b30e-2e652a53af54,App is great but Remove block feature asap... Its not needed Twitter also removed block feature u also need to remove it.😡,2,2023-09-18 17:40:25,com.whatsapp,Feature Request,Request to remove the block feature,Negative,Low,True,642,48,690,2,119
fea78dbc-4a0e-4d2a-a734-c40b66513bfd,"Is there any way to delete the channels page or part of my whatsapp, I hate seeing all the channels down there and haven't found the part in settings to de activate it",1,2023-09-18 17:38:25,com.whatsapp,Feature Request,Request to remove or disable the channels page in WhatsApp,Negative,Low,True,651,51,702,1,118
2e8a6baa-754a-4dbc-bd5d-c972ac1fedb5,Viber Open SMS,5,2023-09-19 08:36:50,com.viber.voip,Feature Request,Request to open SMS functionality,Neutral,Low,True,620,47,667,4,121
7a85fd6c-8987-4d10-8e1c-ddf55524d32e,No more dark blue mode 😢,1,2023-09-19 06:26:18,com.viber.voip,Feature Request,Request to restore dark blue mode,Negative,Low,True,623,48,671,8,125
cc9dcc91-68e8-4599-af6a-2074bb0486ff,Верните темносерую тему обратно.,1,2023-09-18 21:47:45,com.viber.voip,Feature Request,Request to restore dark gray theme,Negative,Low,True,628,48,676,8,125
6353d472-0f6f-4683-8bd5-c54c90a3879b,"Works more efficiently now, was off it for years because off message delivery issues, but thought would give it a go again & so far so good must say. However may i strongly suggest you add the feature font size adjustment in chats just like in telegram, its a feature that helps users a lot with various sight challenges. Currently the fixed font is mighty small no way to adjust it. Please address issue. Tks",4,2023-09-18 21:26:31,com.viber.voip,Feature Request,Request to add font size adjustment in chats,Positive,Low,True,699,49,748,0,117
d0a762be-d29a-4864-bc31-d41d84459056,"Hello, after update, dark theme became totally black, bothers eyes and scares me, please take back the older lighter one. Thank you.",1,2023-09-18 14:50:14,com.viber.voip,Feature Request,"Dark theme changed to completely black, request to restore older lighter version",Negative,Medium,True,643,54,697,8,125
e2a98778-f32d-4825-8dcc-9f9f0ed4f1c8,Easy for calls but not much for computer use.,5,2023-09-18 13:11:43,com.viber.voip,Feature Request,Improved functionality for computer use,Neutral,Low,True,625,46,671,11,128
2caa0208-85c6-48c9-849a-03d20771ab98,turn off the reaction sound! It's fn annoying,1,2023-09-18 07:00:51,com.viber.voip,Feature Request,Request to turn off reaction sound,Negative,Low,True,626,48,674,16,133
1b3493be-52e7-4bba-bcc7-141dc72d5928,For some reason navy/dark blue theme was removed. This black theme is too hard on the eyes.,2,2023-09-17 19:57:07,com.viber.voip,Feature Request,Request to restore navy/dark blue theme,Negative,Low,True,636,49,685,8,125
76e4d4aa-28c7-4c2f-a318-1eb4fa48bd95,"I think that this app is best, and it is made for everyone, just remove adds but if you want, you can keep them.",5,2023-09-17 00:21:15,com.viber.voip,Feature Request,Request to remove advertisements,Positive,Low,True,643,46,689,3,120
3edf287d-362a-4907-af6f-aadb3656177b,Enjoy using the app. Easy and efficient. I would prefer no ads at all but at least they are not many and not that annoying.,5,2023-09-16 22:44:50,com.viber.voip,Feature Request,Request to remove ads,Positive,Low,True,643,46,689,3,120
31a89046-ae1d-4307-8638-40034e153391,Please i don't need this Ad,1,2023-09-19 14:58:48,com.snapchat.android,Feature Request,Request to remove ads,Negative,Low,True,623,46,669,3,120
a02799cd-f450-45b4-9631-a771ee756af8,Need more faster than light and dark,1,2023-09-19 14:11:33,com.snapchat.android,Feature Request,Request to add faster light and dark mode switching,Neutral,Low,True,623,51,674,26,143
b984c22e-fe53-4c74-87f3-adc260d44fd7,The new update with our bitmoji look trash bring back the old one,3,2023-09-19 14:09:55,com.snapchat.android,Feature Request,Request to restore the old Bitmoji look,Negative,Medium,True,631,50,681,10,127
8595eda3-6358-4dbb-b889-634fc76dbe8c,It's good for friends ho want to make groups and that stuff anyways overall the app is good bit it's a tons of friends suggestions nominations that really boring but it's good for videos makers cuz it's a lot of good filters to use and share Thanks for reading my comment 😁,4,2023-09-19 13:50:58,com.snapchat.android,Feature Request,Too many friend suggestions are boring,Positive,Low,True,673,48,721,14,131
bcc2568f-88a1-4461-a318-f63973e36dcf,"It works very smoothly on s22 ultra, but the thing is, it's missing some features that are available in iOS . 1. Boomerang: Boomerang is missing in snap after recording one 2. Multiple layers of filter after clicking snap. It doesn't allow to add multiple layers of filters like location , colours etc As previously iOS user I miss this features terribly, please consider this because it will brings more comfort to use , otherwise it works fine",4,2023-09-19 13:37:08,com.snapchat.android,Feature Request,Missing Boomerang feature and inability to apply multiple layers of filters after recording a snap,Negative,Medium,True,711,58,769,17,134
6b6e3ec8-aa79-479c-8fc0-703dd8292961,Good filters,5,2023-09-19 13:31:31,com.snapchat.android,Feature Request,Request to add better filters,Positive,Low,True,618,47,665,7,124
2a83313a-2930-4424-9b9e-cf8339a0fa9b,Can you please add some templates?,4,2023-09-19 13:20:36,com.snapchat.android,Feature Request,Request to add templates,Neutral,Low,True,622,45,667,7,124
e7b8f4fe-5904-44f2-80c5-da68b3a87d7a,New update added new small resolution of pictures and that's rubbish.... Missing the older one. ☹️🥺,3,2023-09-19 12:44:54,com.snapchat.android,Feature Request,Request to restore older picture resolution,Negative,Medium,True,638,48,686,10,127
8edac22e-8fa8-4821-8651-827e8d91ab4c,PLEASE UPDATE IT FOR PHILIPPINES TO USE IT,1,2023-09-19 06:22:38,com.tencent.mm,Feature Request,Request to update the product for use in the Philippines,Neutral,Low,True,627,51,678,12,129
1e619fe6-83d4-471a-846b-3d3fa4f990f4,"Return the fingerprint payment function to the international version of Samsung, thanks!",2,2023-09-18 12:19:07,com.tencent.mm,Feature Request,Request to restore fingerprint payment function in the international version of Samsung,Neutral,Medium,True,629,54,683,5,122
dec72514-e81b-4e5a-aa58-8ff6a22fb73b,The app should have change the sinup method for new international users,1,2023-09-16 10:02:07,com.tencent.mm,Feature Request,Request to change signup method for new international users,Neutral,Medium,True,629,51,680,13,130
45de0c11-9b17-4b3d-9b49-ec2d3f7da44b,Annoying advertisment,1,2023-09-19 12:41:24,org.telegram.messenger,Other / General,Too many advertisements,Negative,Low,True,621,45,666,0,150
554ee7b1-928b-48f7-a899-03c12e0bb9ae,Recently there is too many ads to buy telegram premium.It actually starts being annoying,2,2023-09-19 12:19:51,org.telegram.messenger,Other / General,Too many advertisements promoting Telegram Premium,Negative,Low,True,631,49,680,0,150
7c55539b-e590-453d-b4e5-c61f136e20fe,A lot of annoying notifications and advertising,1,2023-09-19 07:53:12,com.viber.voip,Other / General,Too many advertisements,Negative,Low,True,623,45,668,0,150
c9a0a1b5-70e7-4f6b-bd4b-8f726a7fa8cb,Too many ads,2,2023-09-18 18:55:51,com.viber.voip,Other / General,Too many advertisements,Negative,Low,True,619,46,665,0,150
6d124529-f68f-4456-a8c9-d862fd09db5a,Too many adds so irritating 😑😑,1,2023-09-19 14:59:50,com.snapchat.android,Other / General,Too many advertisements,Negative,Low,True,624,45,669,0,150
37a3e29a-d749-494a-9e23-4c53cbf7f52d,Why I am getting too much ads??,1,2023-09-19 12:31:52,com.snapchat.android,Other / General,Too many advertisements,Negative,Low,True,624,45,669,0,150
8469afc8-f072-4082-a1c5-eb9d570ab045,"Telegram is slow, heavy and inefficient. Telegram X is a lot better than this one.",1,2023-09-19 10:40:49,org.telegram.messenger,Performance,"App is slow, heavy, and inefficient",Negative,Medium,True,633,49,682,0,151
01109034-8f8c-41ad-a7ec-49e99e87d8cc,aplikasi tololl download lama padahal pake wifibuka apk laen cepet download vd di tele lama goblog,1,2023-09-19 10:33:41,org.telegram.messenger,Performance,App download speed is slow over Wi-Fi compared to other apps,Negative,Medium,True,646,53,699,2,153
899c8db5-f35c-426a-afb6-df22a812db90,Make it easy to me to install it pls,5,2023-09-19 08:55:37,org.telegram.messenger,Performance,Slow or difficult app installation,Neutral,Low,True,625,45,670,0,151
781c9d54-5384-4f61-ba5e-64d47ace5e7d,"It sucks. It's laggy, loading, delay, and etc.",1,2023-09-19 15:02:24,com.facebook.orca,Performance,"App is laggy, slow to load, and has delays",Negative,Medium,True,630,52,682,0,151
fe3c9dcc-ac57-4658-b289-71f7379a6e1a,Napaka daling gamitin ayos to..madaling matoto,5,2023-09-19 14:49:43,com.facebook.orca,Performance,App is slow to use,Negative,Medium,True,631,46,677,0,151
46b09467-31c6-4385-86f1-8e240e4907e9,why take down messenger lite when the loading process in switching of accounts in messenger still takes like forever,1,2023-09-19 14:07:18,com.facebook.orca,Performance,Slow account switching loading in Messenger,Negative,Medium,True,635,47,682,6,157
0560df96-33b1-40fd-b7b8-ad386f674055,Hindi nman po nag uupadate ang messenger,1,2023-09-19 13:55:43,com.facebook.orca,Performance,Messenger not updating properly,Negative,Medium,True,628,44,672,6,157
4e3c361c-4d54-4e5f-b9f7-ad8026d31c6a,"""I'm so slow, I'm so slow, I'm so slow..."" to quote the classic.",1,2023-09-19 13:09:44,com.facebook.orca,Performance,App is slow and unresponsive,Negative,High,True,635,46,681,0,151
e91ebb32-1fc9-4aba-a6eb-28a824de27c4,"Only loads the first ten messages, then endlessly tries to load the others. It has ads between messages?!??! Despicable. Wth. Barely downloaded it, already takes up a ton of space. 0/10. Hate it but I'm not gonna visit facebook for my messages just because they apaprently killed off the lite version.",1,2023-09-19 13:00:06,com.facebook.orca,Performance,App loads only first ten messages and endlessly attempts to load the rest,Negative,High,True,688,53,741,9,160
df062901-9ba4-4116-b03d-03e777bd2813,"kinda bad, slow & no more features of backread.",2,2023-09-19 12:49:57,com.facebook.orca,Performance,App is slow and lacks new features,Negative,Medium,True,628,48,676,0,151
75c41668-84fe-4de0-949c-4b3f2ff04b66,it is sometimes loading but it depends on the cignal and the quality of the phone,4,2023-09-19 12:46:59,com.facebook.orca,Performance,App loading varies with signal strength and phone quality,Neutral,Medium,True,633,49,682,14,165
fc3f4bc4-27f6-4702-a737-91f8085ceab6,Puro loading maski malakas signal puro update wala nababago,1,2023-09-19 12:21:50,com.facebook.orca,Performance,App performance issues during loading,Negative,Medium,True,633,46,679,3,154
3a6601fe-a3db-4afe-908a-ff04edc9bda7,Just loading issue 🥺,1,2023-09-19 12:09:17,com.facebook.orca,Performance,App loading issue,Negative,Medium,True,622,43,665,3,154
1c2dcc7f-feb9-4626-8a8b-a804c76bc48d,It sucks app keeps on loading other while appss and Facebook is working perfectly fine!,1,2023-09-19 11:50:02,com.facebook.orca,Performance,App keeps on loading while other apps and Facebook work fine,Negative,Medium,True,632,52,684,3,154
657e1305-4eec-4c59-b7f5-ede9aa088482,the quality of the video drops like ancient technology,1,2023-09-18 17:47:18,com.whatsapp,Performance,Video quality degrades significantly,Negative,Medium,True,625,45,670,10,161
592e0701-dae0-4e11-a945-cc77534e8a8f,We want status in 30 seconds...,4,2023-09-18 17:43:08,com.whatsapp,Performance,Status update takes longer than 30 seconds,Negative,Medium,True,624,50,674,7,158
fc97a776-22cb-4fa4-93fe-b5b3aa961b9c,Watsapp is effective though there's no network it possible to communicate successfully...,5,2023-09-18 17:41:27,com.whatsapp,Performance,Inability to communicate when there is no network,Negative,High,True,630,49,679,11,162
93aa56f7-6530-4767-9a88-4524328d4853,"The app is way more safe, reliable, and secured compared to that of Messenger. Everything is smooth sailing. However, there are times that the app notifies you that you have a new message but when you go to the app alone, it take more than 30 seconds before the message is loaded. Another thing is that even though your signal or connection is good, the message comes in late. Can this be fixed? Will appreciate it a lot if this will be fixed. Thank you! 💯",4,2023-09-19 14:19:34,com.viber.voip,Performance,Messages take over 30 seconds to load despite notifications and good connection,Positive,Medium,True,717,54,771,7,158
565e8b73-0405-4e60-aea6-969aff03c176,Video call quality still needs a lot of improvement,4,2023-09-18 16:46:12,com.viber.voip,Performance,Poor video call quality,Negative,Medium,True,625,45,670,4,155
a6a15753-281d-48a9-9235-612ebd30ebc1,"Kvalitet poziva je slab, cak I kada imam vrhunski Internet. Ispravite to I bice 5⭐️",4,2023-09-18 14:44:43,com.viber.voip,Performance,Poor call quality despite high-speed internet,Negative,High,True,649,47,696,4,155
8cfd8872-b94d-4d18-9346-1a56a62b30b4,"Жахлива якість фото, відео дзвінків. Надзвичайно дурне і незграбне зберігання файлів, відсилання по порядку. Загружає телефон як ніколи!",1,2023-09-18 10:01:42,com.viber.voip,Performance,Poor video call quality and excessive phone storage usage during file transfers,Negative,High,True,685,53,738,13,164
8a27f3e1-3fe0-4061-9c76-5aca2ac8c63f,"За годы вынужденного использования приложения явно движется в лучшую сторону, пропали баги котрый преследовали меня в кажном новом телефоне. Но так же и появились новые, на моём устройстве (Mi 11 Lite 5G) время запуска в разы больше чем в том же телеграме, часто уведомление приходят с задержкой в несколько часов, уже не раз перепроверял все настройки, все ограничения убраны. Когда редактируешь сообщение оно может не обновляттьсяи целые сутки, была ситуация когда оно изменилост спустя 2.5 дня.",3,2023-09-17 22:58:35,com.viber.voip,Performance,App startup time much slower than Telegram on same device,Positive,Medium,True,782,51,833,5,156
d78b045d-3ad4-41f1-92ec-c553be7b2447,приложението ви забива страшно много отделно че е излизат известия когато някой ми пише оправете си бъговете,1,2023-09-17 19:54:59,com.viber.voip,Performance,App consumes excessive resources and causes notifications to appear unexpectedly,Negative,Medium,True,660,51,711,1,152
f3286346-d5c1-4b00-bb66-078cbaf6e6a9,This app should not be using GB of storage space fix it,3,2023-09-19 13:26:25,com.snapchat.android,Performance,App uses excessive storage space,Negative,High,True,628,46,674,1,152
554c2328-6ed2-42f4-9c28-873e1f775a55,"Awful!!!!!! Bandwidth usage is just ridiculous even when the app is closed! I wonder if you'll need to add ""you agree to ridiculous bandwidth usage"" to your TOS. Or you build a lite version! You don't have to be told everything! Overvalued CRUDs 😒",1,2023-09-19 13:25:15,com.snapchat.android,Performance,Excessive bandwidth usage even when app is closed,Negative,High,True,677,49,726,12,163
67067b5c-8a95-4195-9db6-4e308de8b9d1,It's a very good aap with very nice filter but the only problem I am facing is......sometimes my Snapchat usually gets hang and unable to send streaks or save snap,3,2023-09-19 12:56:20,com.snapchat.android,Performance,"App hangs, preventing sending streaks or saving snaps",Negative,Medium,True,651,51,702,8,159
31f66254-839f-42d2-b3cc-8499b7fe0664,Boring lagta ha,1,2023-09-19 12:25:24,com.snapchat.android,Performance,App lagging,Negative,Medium,True,621,43,664,0,151
5f9edbef-a3ec-44a0-ae77-0211c2522a9c,It literally consumes your storage space.,2,2023-09-18 18:22:31,com.tencent.mm,Performance,App consumes excessive storage space,Negative,Medium,True,622,45,667,1,152
898f556c-0dd8-44eb-8808-475165ab480c,It took for a week to download the app and that sign up became a very big issue pls fix it wai,1,2023-09-17 05:00:17,com.tencent.mm,Performance,Long download time for the app,Negative,Medium,True,639,46,685,2,153
75cab018-b6ed-4540-9c04-41a8159598ef,Very slow and or not responding,1,2023-09-16 11:00:48,com.tencent.mm,Performance,App not responding and very slow,Negative,Medium,True,622,46,668,0,151
0c86e777-22e9-4124-8b21-3d3b6f8aceac,2.5gb on phone Haha ridiculous,2,2023-09-16 05:33:53,com.tencent.mm,Performance,High storage usage on phone,Negative,Medium,True,625,45,670,13,164
35a7609f-e42a-4932-a4fd-c1345c3e10b6,Why a chat app takes up 2.5 GB on my phone is beyond me. I only use it to chat!,1,2023-09-16 00:17:12,com.tencent.mm,Performance,Excessive storage usage by chat app,Negative,Medium,True,640,48,688,1,152
72f7d601-1524-445c-81a9-8341146bd8dc,Update speed is too slow and takes up ridiculous storage space!,1,2023-09-15 04:36:55,com.tencent.mm,Performance,App update speed is too slow and uses excessive storage space,Negative,Medium,True,627,52,679,1,152
6453fbd7-c320-4fe2-9c38-7a4f78f45961,"Slow, privacy pirate, Whatsapp is much lite weight as comparison even Whatsapp is own by Facebook privacy protection is much better",1,2023-09-14 04:19:40,com.tencent.mm,Performance,App is slow compared to WhatsApp,Negative,Medium,True,639,46,685,5,156
edc92bce-ba2d-47e5-8ad4-6e02c902407e,"The worst possible app that exists for social media chats ! If you are not under any obligation whatsoever, you are an utterly insane individual to use this app. But if you're like me and stuck in China where every single thing requires wechat, then you're out of luck and must deal with it however you can. Side notes in summary : 1. Uses too much battery 2. Requires someone qualified to verify you for just signing up 3. You'll get restricted & blocked left & right for no reason 4. STORAGE ! Etc.",1,2023-09-11 09:47:34,com.tencent.mm,Performance,App uses too much battery,Negative,Medium,True,727,46,773,1,152
f9229cc6-3cb4-46a4-8588-9d6ebefd5392,Worst app ever. Most preferred choice for scammers. Extremely poor safety features.,1,2023-09-19 13:31:42,org.telegram.messenger,Privacy / Security,Extremely poor safety features,Negative,High,True,632,48,680,7,173
fa310239-da15-4273-933e-ebe437314d2d,Unfortunately Female Pikachu are not wanted on this app. All I get is horrible messages from people I do not know telling me im a pedo because I only post female yiff (yea thats right). Telegram is full of sexist pigs.,1,2023-09-19 13:02:57,org.telegram.messenger,Privacy / Security,Receiving threatening and inappropriate messages due to posting female yiff content,Negative,High,True,663,55,718,13,179
ae9acf0d-4f94-4481-9f35-2b98f9961c3b,Sir please delete app because there Abundance of scammer and fraud with many people and than blocked them,3,2023-09-19 12:43:48,org.telegram.messenger,Privacy / Security,Abundance of scammers and fraudsters in the app,Negative,High,True,636,54,690,1,167
aabc808e-3e15-4ee1-bfd0-c0e1de3420dc,My acct was hacked 3 times,1,2023-09-19 12:03:55,org.telegram.messenger,Privacy / Security,Account hacked multiple times,Negative,High,True,623,47,670,6,172
9423a7b8-c0a7-4bb4-8af5-33cba968040f,A hub for scammers,2,2023-09-19 11:35:44,org.telegram.messenger,Privacy / Security,Hub for scammers,Negative,High,True,621,47,668,0,166
6411ba3b-7674-4bb0-993b-453903b0dab1,Lot's of scammers.....,3,2023-09-19 10:33:20,org.telegram.messenger,Privacy / Security,Presence of scammers,Negative,High,True,622,46,668,0,166
83b40bb6-07ec-4a40-a0b6-fc107ab5c57b,Everything still great except for too many scammers using users contact numbers to recreate another account of users friends to hacked and scammed on Telegram users. Had been a lot adding and send weird links and spamming liked crazy. Please do fix this issue. Its driving me crazy with annoyance.,3,2023-09-19 07:06:52,org.telegram.messenger,Privacy / Security,Scammers using users' contact numbers to create fake accounts and send spam links,Negative,High,True,672,58,730,12,178
1a963d56-5cab-4677-bb84-1af157148d1f,The Viber experience just got badder! Privacy not existing. Now I must give permission for recording my conversations?!?!,1,2023-09-18 09:39:49,com.viber.voip,Privacy / Security,Requested permission to record conversations without consent,Negative,High,True,640,50,690,9,175
7014df8b-18af-4084-b0f7-16e29ab14041,0 анонимности,1,2023-09-17 20:00:43,com.viber.voip,Privacy / Security,Lack of anonymity,Negative,Medium,True,621,47,668,2,168
d82c5efb-18d6-4f81-8da9-a00c308c9373,Security nahin hai agar aap log uske andar security dalenge to,1,2023-09-19 13:16:53,com.snapchat.android,Privacy / Security,Lack of security in the app,Negative,High,True,632,49,681,1,167
3aaf99f9-121a-4575-acc3-acfb1348e543,Security issue. Under China government sensorship,2,2023-09-17 18:12:25,com.tencent.mm,Privacy / Security,Security issue under China government censorship,Negative,High,True,624,49,673,10,176
7dc23c5e-28e7-4aac-8e2f-5787163acdc0,The WeChat app tried to take over my PayPal account. There is no reason for my finances to be on this app,1,2023-09-17 02:46:56,com.tencent.mm,Privacy / Security,WeChat app attempted to access PayPal account without justification,Negative,High,True,640,52,692,8,174
3d1a3dbc-1657-4a14-95d4-f393a33895fa,"This app disrespect your privacies, I saw notifications for some posts who viewed from my friend's list. WeChat should NOT use client's information to make money.",1,2023-09-17 01:05:14,com.tencent.mm,Privacy / Security,"App displays notifications about posts viewed by friends, exposing private activity",Negative,High,True,648,55,703,11,177
bcf33e01-1d52-4c70-88ca-c743148854d6,No privacy protection,1,2023-09-16 14:10:43,com.tencent.mm,Privacy / Security,No privacy protection,Negative,High,True,619,46,665,2,168
142c01dd-ea22-4615-8686-afbf38006bf0,it's Chinese spyware 😂😂😂😂😂,1,2023-09-15 02:22:40,com.tencent.mm,Privacy / Security,Accusation of app being Chinese spyware,Negative,High,True,627,51,678,4,170
045d3ce5-fff7-46c2-83b1-3a4f5f333f5e,"Will not use it if I got no Chinese business relationship anymore. This app does not allow you to find downloaded files. This app will collect your facial data, voiceprint data and any other data that is related to privacy problems. Antiprivacy app.",1,2023-09-12 06:50:34,com.tencent.mm,Privacy / Security,"App collects facial data, voiceprint data, and other privacy-related information",Negative,High,True,667,56,723,3,169
3e5a4639-e087-476c-bf5f-e3206b41018e,"Im know wechat lot chaina people. Why someone chinese log into my account ? I just not log in 1 year. But im not forgot my password. It bind with mark zukeberg. (Facebook) Unpredictble . Tf for your security . Hell ,im mad #wechat id - hakiminazahari8",5,2023-09-11 14:41:43,com.tencent.mm,Privacy / Security,Unauthorised access to account after one year of inactivity,Negative,High,True,683,54,737,5,171
