Rank,Product Issue,Category,Mentions,Priority Score,Severity Mix,Trend,Why It Matters,PM Recommendation,Recommended Next Step,Customer Evidence,Cluster ID
1,Cannot log in,Account & Login,20,60,20 High,Rising (4 → 9),All observed cases are high severity; mentions are increasing. Category: Account & Login.,Immediate investigation,"Inspect login failure logs, affected versions, devices, and account-access funnel steps.","Barrs users login for no tangible reason, null response on login issues emailing, nice UX/UI, but functions,..void/minimal will find other large file download/communication options. || Can't login || can't login to my account for a week, dumb app🖕",0
2,SMS verification code not received,Account & Login,13,39,13 High,Rising (3 → 9),All observed cases are high severity; mentions are increasing. Category: Account & Login.,Immediate investigation,"Check verification delivery failures, retry logic, and affected carriers or regions.","verify code not arriving. || Why i am can't sign in "" unable to send SMS"" || Why don’t send me account login code??",31
3,Account banned,Account & Login,7,21,7 High,Rising (1 → 6),All observed cases are high severity; mentions are increasing. Category: Account & Login.,Immediate investigation,"Audit ban reasons, recovery options, appeal flow, and support response time.","telegram mare call par nai ban rhi || They blocked my number for no reason, I wrote at least 10 emails to the support, I only got an automated message back. Apparently there is no one alive there who can help me. I have been a user for over 6 years. Low move Viber! || So many ristraction in why am band in this",17
4,App fails to open,Bugs & Technical Issues,7,21,7 High,New (6 recent mentions),All observed cases are high severity; the issue appeared in the latest period. Category: Bugs & Technical Issues.,Immediate investigation,Review crash/error logs and reproduce the failure on affected versions and devices.,"Hey, Why messenger Always crashing on my device, Please Fix this || can't open || 🐛🐛🐛🐛🐛🐛🐛🐛🐛🐋🌵🌻🌻🍃🍃🍃🍃🍃🍃🌵🌵🌵🌵🌵🍃🌵🌵🌵🌵🌵🌵🌵🌵🌵🌵🌵🌵🌵🍃🍃🍃🍃🍃🦕🦕🦕🦕🦕🦕🦕🦕🦕🦕🦕🦕🦕🦕🍃",39
5,App installation failure,Bugs & Technical Issues,7,21,7 High,New (6 recent mentions),All observed cases are high severity; the issue appeared in the latest period. Category: Bugs & Technical Issues.,Immediate investigation,"Check installation/update failures by app version, OS version, and device type.",i cant download it to my phone even i have an enough space || This app is best but it can't install in my phone it's pending problem please can you solve this problem || Why i cant install this app,42
6,App lagging,Performance,8,16,"1 High, 6 Medium, 1 Low",New (7 recent mentions),1 of 8 cases are high severity; the issue appeared in the latest period. Category: Performance.,Investigate possible product regression,"Compare startup, loading, and responsiveness metrics across recent app versions.","""I'm so slow, I'm so slow, I'm so slow..."" to quote the classic. || It sucks. It's laggy, loading, delay, and etc. || Napaka daling gamitin ayos to..madaling matoto",151
7,Cannot log in to the app,Account & Login,5,15,5 High,New (4 recent mentions),All observed cases are high severity; the issue appeared in the latest period. Category: Account & Login.,Immediate investigation,"Inspect login failure logs, affected versions, devices, and account-access funnel steps.","Tidak bisa masuk,saat memasukkan nomor telepon pasti selalu unable to connect || I CANT LOG IN TF WRONG WITH THIS APP? || Cannot log in using my phone(server access failure) but can log in using my tablet. Both use same Internet connection, both devices are 3 years old. Please explain",15
8,App uses too much battery,Performance,6,13,"1 High, 5 Medium",Rising (1 → 3),1 of 6 cases are high severity; mentions are increasing. Category: Performance.,Investigate possible product regression,"Profile resource usage and compare battery, storage, and background activity by version.",This app should not be using GB of storage space fix it || It literally consumes your storage space. || приложението ви забива страшно много отделно че е излизат известия когато някой ми пише оправете си бъговете,152
9,Cannot register,Account & Login,4,12,4 High,Falling (2 → 1),All observed cases are high severity; mentions are decreasing. Category: Account & Login.,High-priority root-cause analysis,"Review signup funnel drop-off points, validation errors, and onboarding requirements.",Can't register || App babi nk register je pun pele || Too difficult to register. This is why US seems ahead of you. Make it easy and show features.,3
10,Unable to log in after multiple attempts,Account & Login,4,12,4 High,Stable (1 → 1),All observed cases are high severity; mentions are stable. Category: Account & Login.,High-priority root-cause analysis,"Inspect login failure logs, affected versions, devices, and account-access funnel steps.",无语登录几百年都登录不到 || Refuses to login always tried different methods gives the same error always even tried reinstalling still doesn't work || Such an annoying app can even sign in peacefully.how would i know who uses the app and it's always saying that try again try again like what am supposed to do!!??,5
11,Cannot create new account,Account & Login,4,12,4 High,Rising (1 → 3),All observed cases are high severity; mentions are increasing. Category: Account & Login.,Immediate investigation,"Review signup funnel drop-off points, validation errors, and onboarding requirements.",Słaba aplikacja nic nie da się robić próbowałem zrobić konto pisało że Nie można a ja nigdy nie miałem messengera || bad app can't creat new acc || he was not opening acc it's showing error while opening waste app dnt download plz,12
12,Cannot make calls,Bugs & Technical Issues,4,12,4 High,New (4 recent mentions),All observed cases are high severity; the issue appeared in the latest period. Category: Bugs & Technical Issues.,Immediate investigation,"Review call failure logs and identify device, network, or version-specific patterns.",terrible I can't even make any calls || Many times can't call || Call keeps on getting dropped even with a strong internet,45
13,Request to remove Channels,Feature Request,7,10,"3 Medium, 4 Low",New (7 recent mentions),No high-severity cases in this cluster; the issue appeared in the latest period. Category: Feature Request.,Validate demand for roadmap consideration,"Review request frequency, affected user segments, and current feature engagement before roadmap action.","Before introducing the new of ""channels"" it was great ... But now it's irritating for me personally || Recent update bring channels feature. Personally I don't like it. It is for close people not for public figures. Delete it or give option to disable channels. || Please remove that channels, It's getting complicated",118
14,Notifications not delivered when app is closed,Feature Problem,4,10,"2 High, 2 Medium",New (4 recent mentions),2 of 4 cases are high severity; the issue appeared in the latest period. Category: Feature Problem.,Immediate investigation,Reproduce the affected feature workflow and compare failures across versions and devices.,"Sometimes, when I want to open any chat, whether private chat,group, or channel information, I couldn't see any message even though I got notification. Please repair back the app for normal because it has been harder for me to use on education study. It's really tiring for me to uninstall this app and redownload back. || I always missed a call. This app doesn't notify me about messages and calls. The message won't sync to my other devices || The app will only notify me of a notification if the app is open even though it is set not to sleep. If I close it I get nothing until I open it again. It does work as it should occasionally but it's very sporadic. Samsung Galaxy A53 5G Android 13.",69
15,Filters not working,Feature Problem,4,9,"1 High, 3 Medium",New (4 recent mentions),1 of 4 cases are high severity; the issue appeared in the latest period. Category: Feature Problem.,Investigate possible product regression,Reproduce the affected feature workflow and compare failures across versions and devices.,My Snapchat filters are not loading I have tried everything but my filters are not working. I'm tired of this pathetic!! || Worst app filters are not working in my phone it happens many times || The filters are not working any more pls fix this problem,79
