rank,cluster_id,product_issue,issue_category,count,high_count,medium_count,low_count,priority_score,window_1_count,previous_3d_count,recent_3d_count,trend_delta,trend,evidence
1,0,Cannot log in,Account & Login,20,20,0,0,60,3,4,9,5,Rising,"Barrs users login for no tangible reason, null response on login issues emailing, nice UX/UI, but functions,..void/minimal will find other large file download/communication options. || Can't login || can't login to my account for a week, dumb app🖕"
2,31,SMS verification code not received,Account & Login,13,13,0,0,39,1,3,9,6,Rising,"verify code not arriving. || Why i am can't sign in "" unable to send SMS"" || Why don’t send me account login code??"
3,17,Account banned,Account & Login,7,7,0,0,21,0,1,6,5,Rising,"telegram mare call par nai ban rhi || They blocked my number for no reason, I wrote at least 10 emails to the support, I only got an automated message back. Apparently there is no one alive there who can help me. I have been a user for over 6 years. Low move Viber! || So many ristraction in why am band in this"
4,39,App fails to open,Bugs & Technical Issues,7,7,0,0,21,0,0,6,6,New,"Hey, Why messenger Always crashing on my device, Please Fix this || can't open || 🐛🐛🐛🐛🐛🐛🐛🐛🐛🐋🌵🌻🌻🍃🍃🍃🍃🍃🍃🌵🌵🌵🌵🌵🍃🌵🌵🌵🌵🌵🌵🌵🌵🌵🌵🌵🌵🌵🍃🍃🍃🍃🍃🦕🦕🦕🦕🦕🦕🦕🦕🦕🦕🦕🦕🦕🦕🍃"
5,42,App installation failure,Bugs & Technical Issues,7,7,0,0,21,1,0,6,6,New,i cant download it to my phone even i have an enough space || This app is best but it can't install in my phone it's pending problem please can you solve this problem || Why i cant install this app
6,151,App lagging,Performance,8,1,6,1,16,0,0,7,7,New,"""I'm so slow, I'm so slow, I'm so slow..."" to quote the classic. || It sucks. It's laggy, loading, delay, and etc. || Napaka daling gamitin ayos to..madaling matoto"
7,15,Cannot log in to the app,Account & Login,5,5,0,0,15,0,0,4,4,New,"Tidak bisa masuk,saat memasukkan nomor telepon pasti selalu unable to connect || I CANT LOG IN TF WRONG WITH THIS APP? || Cannot log in using my phone(server access failure) but can log in using my tablet. Both use same Internet connection, both devices are 3 years old. Please explain"
8,152,App uses too much battery,Performance,6,1,5,0,13,1,1,3,2,Rising,This app should not be using GB of storage space fix it || It literally consumes your storage space. || приложението ви забива страшно много отделно че е излизат известия когато някой ми пише оправете си бъговете
9,3,Cannot register,Account & Login,4,4,0,0,12,1,2,1,-1,Falling,Can't register || App babi nk register je pun pele || Too difficult to register. This is why US seems ahead of you. Make it easy and show features.
10,5,Unable to log in after multiple attempts,Account & Login,4,4,0,0,12,1,1,1,0,Stable,无语登录几百年都登录不到 || Refuses to login always tried different methods gives the same error always even tried reinstalling still doesn't work || Such an annoying app can even sign in peacefully.how would i know who uses the app and it's always saying that try again try again like what am supposed to do!!??
11,12,Cannot create new account,Account & Login,4,4,0,0,12,0,1,3,2,Rising,Słaba aplikacja nic nie da się robić próbowałem zrobić konto pisało że Nie można a ja nigdy nie miałem messengera || bad app can't creat new acc || he was not opening acc it's showing error while opening waste app dnt download plz
12,45,Cannot make calls,Bugs & Technical Issues,4,4,0,0,12,0,0,4,4,New,terrible I can't even make any calls || Many times can't call || Call keeps on getting dropped even with a strong internet
13,118,Request to remove Channels,Feature Request,7,0,3,4,10,0,0,7,7,New,"Before introducing the new of ""channels"" it was great ... But now it's irritating for me personally || Recent update bring channels feature. Personally I don't like it. It is for close people not for public figures. Delete it or give option to disable channels. || Please remove that channels, It's getting complicated"
14,69,Notifications not delivered when app is closed,Feature Problem,4,2,2,0,10,0,0,4,4,New,"Sometimes, when I want to open any chat, whether private chat,group, or channel information, I couldn't see any message even though I got notification. Please repair back the app for normal because it has been harder for me to use on education study. It's really tiring for me to uninstall this app and redownload back. || I always missed a call. This app doesn't notify me about messages and calls. The message won't sync to my other devices || The app will only notify me of a notification if the app is open even though it is set not to sleep. If I close it I get nothing until I open it again. It does work as it should occasionally but it's very sporadic. Samsung Galaxy A53 5G Android 13."
15,79,Filters not working,Feature Problem,4,1,3,0,9,0,0,4,4,New,My Snapchat filters are not loading I have tried everything but my filters are not working. I'm tired of this pathetic!! || Worst app filters are not working in my phone it happens many times || The filters are not working any more pls fix this problem
16,4,Cannot sign in from a new phone,Account & Login,3,3,0,0,9,1,1,0,-1,Falling,"Worst social networking app. Can't even sign in anymore from a new phone. || Yesterday installed WeChat, today no access? Please help. Me and my wife in China using for years now. I changed phone now problems??? Please. I miss my dear love. I'm 72 years old || Trash, its hard to relogin into another phone. No cure no cure"
17,7,Unable to create new account due to mandatory QR code scan during signup,Account & Login,3,3,0,0,9,0,1,2,1,Rising,"PLEASE... DON'T WASTE YOUR TIME WITH THIS APP. I wish I could rate it a -1 Terrible...I wasted an entire week and they still wouldn't let me open an account! I tried my phone number, mobile number, Facebook account, three reputable people in China tried to scan the QR code for me to no avail. They wasted their time too. Security's a RED WALL. DON'T BOTHER. :( || Dear builder Not about to create new account. When I try to sign up they needed scan QR cord. Kindly help me how I can creat new account ... I expending we chat do needful regarding this issue || I can't sign in, it's bringing the issue of friends scanning the qr code when I don't have those friends"
18,13,Verify identity page freezes during login,Account & Login,3,3,0,0,9,2,0,1,1,New,"If i can give zero star then i will. New user needs someone who already has an account to verify. How ridiculous it is! So, there I'm, finding someone who can help me. He scanned my code, then on the next step to verify me, he couldn't do it because the ""ok"" button was unresponsive. Yeah, he wasn't lying, i was next to him & i tried it myself too. Broken app! || Can not login to my account. The verify identity page freeze || Can someone help me get verified 🥺🥺"
19,32,Cannot log in to old account,Account & Login,3,3,0,0,9,1,0,0,0,Stable,"I can't login my old account || I am trying to open my old account that i used 3 to 4 years.. I know the password i know my id i am trying to log in from the same mobile number i used on we chat but still my account is not beeing open.now we chat is asking for a reference.. Why should i give reference if i arready have an account and i am an old member of we chat.. Please help me with this. I have no reference now. I need to use my account that's my leagle rite || When I try to log in my old account, I can't open it anymore. :||"
20,34,No access to account,Account & Login,3,3,0,0,9,0,0,3,3,New,I can't access my accnt in telegram😭 || I have no access to use my account || Pls open my WhatsApp
21,50,App crashes and fails to function properly after reinstallation,Bugs & Technical Issues,3,3,0,0,9,0,0,3,3,New,"Its good but everytime it dont work i unstall it an get it again it dont work it u guys need to fix it bc this is the only thing my boyfriend has cant see him bc of long distens || Same complaint with Bonya Malek below. Everything seems to be loading until I uninstall and reinstall and then it starts again. Apart from the desktop version on my pc || Viber keeps on crashing, I cannot make and receive calls. I cannot search anything within viber. When I try to message someone from a group, it always says it's syncing and it's just stuck there for q long time. Now that I have reinstalled it, it keeps on closing and I get the notice that Viber closed because this app has a bug. I used to love Viber but now I can hardly use it properly."
22,66,Unable to send long videos,Feature Problem,3,1,2,0,7,0,0,3,3,New,"Now, It is no longer messaging app. It is now turning to social media app like insta, facebook, etc. I can't able to upload video on my status, I tried with other phones and accounts but it doesn't work. Now it's time to switch to other messaging app like telegram or signal. || I can't send any video to my friend group || It's has improved very much. But still I am facing some problem in sending long videos."
23,77,Notes feature not available,Feature Problem,3,1,2,0,7,0,0,3,3,New,Because I can't do the notes² || i don't have a notes in my messenger || I don't have the notes yet 🤯🤯
24,86,Unable to send messages,Feature Problem,3,1,2,0,7,0,0,3,3,New,What is this non sense. I am unable to send message || Its hard to delete message || Why I can't messege my new friends?
25,150,Too many advertisements,Other / General,6,0,0,6,6,0,0,6,6,New,Too many adds so irritating 😑😑 || Annoying advertisment || Why I am getting too much ads??
26,138,Request to add notes feature,Feature Request,3,0,3,0,6,0,0,3,3,New,"please i want notes in messenger, i can't update mine || I don't have messenger notes :< || I don't have a notes(⁠｡⁠•́⁠︿⁠•̀⁠｡⁠) please fix this."
27,154,App loading issue,Performance,3,0,3,0,6,0,0,3,3,New,Puro loading maski malakas signal puro update wala nababago || Just loading issue 🥺 || It sucks app keeps on loading other while appss and Facebook is working perfectly fine!
28,1,Account creation and unfreezing blocked for Macau mobile number without clear reason,Account & Login,2,2,0,0,6,0,2,0,-2,Falling,"My account was frozen just because I switched my phone number to one in us. And there is no way to unfreeze it or contact their customer service!!!!!!!! || All in one....This is a great application.......but now can't create an account with Macau mobile number, without any proper reason they freeze account, when we try to unfreeze have many unrealistic reason not to unfreeze account."
29,2,"Account blocked without reason, verification codes not received or arrive very late",Account & Login,2,2,0,0,6,1,0,0,0,Stable,"I realize security is important and I'm glad at least some app pretends to care, but the log in and set up was so absolutely convoluted and unnecessary. I don't have many friends in mainland China so I can't just have various neighbors verify my phone number in that time limit. Current phone number is locked out so basically this app has bricked itself by choice. || My account got blocked for no reason, verification codes arrive very late,most of the times they don't even send verification codes. Greet your friends often ,you get blocked too. Customer service worst of all, they take 2 months to reply to you. This is trash."
30,6,Telegram account banned with no response from support,Account & Login,2,2,0,0,6,0,1,1,0,Stable,"For unknown reason to me. My telegram account has been banned for 5 days. I mailed, Google and submit my query and DM over the X (Twitter) to @telegramsupport and no response to none of them. My data is very important to me. Which is stuck to this app. Unban my account. || mafia style operation or most likely communist ideology of ponishment before guilty. they bocked the account for 16 days for ""suspicion violations "" without explanation or response or customer service."
31,9,OTP not received for login,Account & Login,2,2,0,0,6,0,0,2,2,New,Trouble while login Not receiving login code to my email || I didn't getting OTP for login and I continuously trying for 24 hours.
32,10,WhatsApp account blocked,Account & Login,2,2,0,0,6,0,0,2,2,New,Unbanning my whatsapp account || Hello what's app support unfortunately my what's app account is blocked. I am sorry to install third party apps by mistake. I am requesting to unblocked. My what's app thank you.
33,11,User accounts automatically deleted without warning,Account & Login,2,2,0,0,6,0,0,2,2,New,"This program automatically deleted my user accounts. I even sent an email, but it was not followed up. tell me something || I have been using the app for years, mainly the Viber out option to make paid international calls. Recently, the app started to cause problems and sign me out each time I use it. Suddenly and for no reason my credits were removed from the account. I contacted the support team many times but they kept sending me the same useless general replies about their policies without addressing my specific problem. I think it's not safe any more to use their paid services, otherwise, you risk your money."
34,14,Unable to access account after 8 months,Account & Login,2,2,0,0,6,0,2,0,-2,Falling,This is bad I try to download it I can't reach my account I was use it long time ago ....they said I must get a friend to help 🤦 || It is won't work i am trying to open my account after 8 months and it is won't open
35,16,WhatsApp number banned without reason,Account & Login,2,2,0,0,6,0,0,2,2,New,Without any reason my WhatsApp number is banned.plese review my account and unbanned as Soom. Thank you WhatsApp team || Dear sir/mam if I not updated watsapp then you ban us this it very bed I am not expected from you
36,18,Account blocked due to spam report with no ability to unblock,Account & Login,2,2,0,0,6,0,0,2,2,New,"I had very bad experience with viber this is very useless app it said activation failed when i email them they told me. Your number was blocked on Viber because it was reported as a source of spam or as a result of unusual activity. The account has been automatically added to a block list and can not be unblocked. Well i didn't do anything like that this means anyone will report anyone's number for no reason and our account will be blocked and they don't have power to unblock. Unprofessional.. || Viber sucks. it simply blocks unused accounts, using the excuse that spam was allegedly sent from these accounts. I haven’t used viber for a long time, because of stupid advertising that couldn’t be hidden."
37,19,Unable to complete registration due to useless security verification requiring WeChat contacts,Account & Login,2,2,0,0,6,0,0,1,1,New,"Your security verification is useless I don't know anyone using wechat so I can't register || I would have give it 5 star, but I couldn't log into my old account so when I made a new óne with a different number apparently I have to have a ""WeChat friend"" to scan a qr code to verify because óf my number being outside of China. I don't want to make a new account and I haven't open my WeChat account for so long I dont even remember the password to my old account and it still says I need a ""WeChat friend"" to scan a code to verify.. pls fix this problem 😔🙏🏻🙏🏻"
38,24,Cannot unlock the app,Account & Login,2,2,0,0,6,0,1,1,0,Stable,"Can't get my account unlocked. Give up and use alipay || Worst app ever, no way to unlock it. Uninstalled this piece of junk."
39,26,Phone number blocked as spammer on account creation,Account & Login,2,2,0,0,6,0,0,2,2,New,When I enter my phone number it show I am banned I email support telegram but I got no answer😭 || I created new account and didn`t even chat with any single one yet and block my ph no with the message this no. is used by spammer. Are you kidding me? This one is one of the most lame app I've ever encounted
40,35,Unable to log in despite having a stable network,Account & Login,2,2,0,0,6,0,2,0,-2,Falling,"Retard app, trying to sign up it says error check network but I just downloaded the app.. || I can't login for some reason. It says to check my network but my network totally fine."
41,36,Cannot sign up without knowing a WeChat user,Account & Login,2,2,0,0,6,0,0,1,1,New,Pathetic! You can't even create an account without someone who has wechat.. very disappointed. Bigo it is for me. || I'm trying to sign back up for an account and this has got to be the most ridiculous sign up procedure I've ever seen. I can't sign up unless I know a friend that uses wechat?
42,38,Difficulty recovering old account,Account & Login,2,2,0,0,6,1,0,1,1,New,Why it's hard to recover account ? User unfriendly 😔 || So deficult to recover ur old account
43,40,Conversations not appearing in the app,Bugs & Technical Issues,2,2,0,0,6,0,0,2,2,New,"Lots of bugs! It's so hard to use the app! The convo is not appearing! Nakakabadtrip naaaaaa! || Y*wa, Inyong MESSENGER angkol dli mo gana watdafak. Tanan VM dinako ma dungog pati ang GIF nga gina send dinako ma view waa!!!!"
44,43,App shows internal error and cannot send SMS,Bugs & Technical Issues,2,2,0,0,6,0,0,2,2,New,"It stops working and I can't get messages or calls, also impossible to send anything. Internet connection is excellent at this time. || Why it's not opening every time it's showing me internal error we can't send sms 😭"
45,44,App crashes when trying to upload picture or video,Bugs & Technical Issues,2,2,0,0,6,0,0,2,2,New,"When I want to upload a pic or video or edit a pic, the app crashes and closes. I get an error of java.lang.OutofMemoryError. It happened since a few weeks. I use the same phone and never had this problem before. My app is up to date. Telegram X doesn't give this error but it's limited in its capabilities. I tried cleaning cash, data etc., removing the app and reinstalling, installing the app from the Telegram website and none of it works. || What's wrong for today always crash out can't upload picture or video"
46,49,App hangs after update,Bugs & Technical Issues,2,2,0,0,6,0,0,2,2,New,"After update the app always hangs || I tried updating, however, it all became white and never load.. What happened?"
47,68,Unable to update the app,Feature Problem,2,2,0,0,6,0,0,2,2,New,"I can't update it. || I've been using the app for many years now, this is the first time that i encountered an annoying bug, I cannot download files in the app, i dont know why, it just doesnt download the file, can you please help? Dowloading files is really essential for me."
48,166,Hub for scammers,Privacy / Security,2,2,0,0,6,0,0,2,2,New,A hub for scammers || Lot's of scammers.....
49,167,Lack of security in the app,Privacy / Security,2,2,0,0,6,0,0,2,2,New,Security nahin hai agar aap log uske andar security dalenge to || Sir please delete app because there Abundance of scammer and fraud with many people and than blocked them
50,120,Request to remove ads,Feature Request,4,0,1,3,5,0,0,3,3,New,"They want me to be paying every month || Please i don't need this Ad || I think that this app is best, and it is made for everyone, just remove adds but if you want, you can keep them."
51,125,Request to restore dark blue mode,Feature Request,4,0,1,3,5,0,0,4,4,New,"Hello, after update, dark theme became totally black, bothers eyes and scares me, please take back the older lighter one. Thank you. || No more dark blue mode 😢 || Верните темносерую тему обратно."
52,8,Unable to access account due to forgotten name and surname,Account & Login,2,1,1,0,5,0,0,2,2,New,"Ειναι το μονο social media που οταν αλλαζω κινητο, ακομα καξ που βαζω το account μου ξανα μου χανει 9αμω απο τα μισα μου δεδομενα. Υπηρχαν και φορες στο παρελθον που δεν μπορουσα να ανακτησω τον λογοριασμο μου και ξεκινησα απο την αρχη. Το viber ειναι σκουπιδι. Μακαρι να μοιασει περισσοτερο με τις αλλες εφαρμογες || I forget my name And surname My husband is going well The shop is not working Could not find my message"
53,41,Download problem,Bugs & Technical Issues,2,1,1,0,5,0,0,2,2,New,Very bad update I was download the file 3.5GB download complete but file missing || Download problem
54,65,Snaps not backing up,Feature Problem,2,1,1,0,5,0,0,2,2,New,My snaps can't backup...do something quickly.....I am reporting ur app otherwise ...i can't tolerate this any more 😑 😑 😑 😑😑😑😑😑😑😑😑😑😑😑😑☹️☹️☹️☹️☹️☹️☹️☹️☹️☹️☹️☹️☹️☹️☹️☹️☹️☹️☹️☹️☹️☹️☹️☹️😑😑😑😑☹️☹️☹️☹️☹️☹️☹️☹️☹️☹️☹️☹️☹️☹️☹️☹️☹️☹️☹️☹️☹️😑😑😑😑😑😑 😑☹️☹️😐😑😑😑☹️☹️☹️☹️☹️☹️☹️☹️😑☹️☹️☹️☹️☹️☹️☹️☹️☹️☹️☹️☹️☹️☹️☹️☹️☹️☹️☹️☹️☹️☹️☹️☹️☹️☹️☹️☹️☹️☹️☹️☹️☹️☹️☹️☹️☹️☹️☹️☹️☹️☹️☹️☹️☹️😒😒😒☹️☹️☹️☹️☹️☹️☹️☹️☹️☹️☹️☹️☹️☹️☹️☹️☹️☹️☹️☹️☹️☹️☹️☹️☹️☹️☹️☹️☹️☹️☹️☹️☹️ || My snap filters get blurred and videos get stucked
55,67,New features not visible in the latest update,Feature Problem,2,1,1,0,5,0,0,2,2,New,"best app, even if they just destroyed the search || In this new update i can't seen new features i dont know why is that."
56,73,Cannot chat in group chat,Feature Problem,2,1,1,0,5,0,0,2,2,New,I cant chat on our groupchat || 3 STARS KASI WALA AKONG KA CHAT BUKOD SA GC NAMIN SA SCHOOL HMMP
57,75,Messenger feature not available,Feature Problem,2,1,1,0,5,0,0,2,2,New,"I have no messenger,what happen this messenger || My microphone disappeared on my messenger and now I can't voice clip any."
58,135,Request to restore the old status view,Feature Request,2,1,1,0,5,0,0,2,2,New,The worst update ever.... No status sharing options 😭 Only share with FB No use of channel 😕 I want the last version.... || New update version is not nice Mainly status view old one is best
59,155,Poor video call quality,Performance,2,1,1,0,5,0,0,2,2,New,"Kvalitet poziva je slab, cak I kada imam vrhunski Internet. Ispravite to I bice 5⭐️ || Video call quality still needs a lot of improvement"
60,164,High storage usage on phone,Performance,2,1,1,0,5,0,0,1,1,New,"Жахлива якість фото, відео дзвінків. Надзвичайно дурне і незграбне зберігання файлів, відсилання по порядку. Загружає телефон як ніколи! || 2.5gb on phone Haha ridiculous"
61,168,Lack of anonymity,Privacy / Security,2,1,1,0,5,0,0,1,1,New,No privacy protection || 0 анонимности
62,46,There are multiple technical issues,Bugs & Technical Issues,2,0,2,0,4,0,0,2,2,New,there's a lot of technical issues || Lots of bugs
63,70,Voicemail playback error,Feature Problem,2,0,2,0,4,0,0,2,2,New,I have an issue regards the error playing on voicemails its very upsetting.. || Why can't I play the voice messages sent to me?
64,71,Photos and videos quality is poor,Feature Problem,2,0,2,0,4,0,0,2,2,New,Photos and videos quality problem || Photo quality gets down when I upload a story.
65,127,Request to restore the old Bitmoji look,Feature Request,2,0,2,0,4,0,0,2,2,New,The new update with our bitmoji look trash bring back the old one || New update added new small resolution of pictures and that's rubbish.... Missing the older one. ☹️🥺
66,153,Long download time for the app,Performance,2,0,2,0,4,0,0,2,2,New,aplikasi tololl download lama padahal pake wifibuka apk laen cepet download vd di tele lama goblog || It took for a week to download the app and that sign up became a very big issue pls fix it wai
67,156,App is slow compared to WhatsApp,Performance,2,0,2,0,4,0,1,1,0,Stable,"За годы вынужденного использования приложения явно движется в лучшую сторону, пропали баги котрый преследовали меня в кажном новом телефоне. Но так же и появились новые, на моём устройстве (Mi 11 Lite 5G) время запуска в разы больше чем в том же телеграме, часто уведомление приходят с задержкой в несколько часов, уже не раз перепроверял все настройки, все ограничения убраны. Когда редактируешь сообщение оно может не обновляттьсяи целые сутки, была ситуация когда оно изменилост спустя 2.5 дня. || Slow, privacy pirate, Whatsapp is much lite weight as comparison even Whatsapp is own by Facebook privacy protection is much better"
68,157,Messenger not updating properly,Performance,2,0,2,0,4,0,0,2,2,New,why take down messenger lite when the loading process in switching of accounts in messenger still takes like forever || Hindi nman po nag uupadate ang messenger
69,158,Status update takes longer than 30 seconds,Performance,2,0,2,0,4,0,0,2,2,New,"The app is way more safe, reliable, and secured compared to that of Messenger. Everything is smooth sailing. However, there are times that the app notifies you that you have a new message but when you go to the app alone, it take more than 30 seconds before the message is loaded. Another thing is that even though your signal or connection is good, the message comes in late. Can this be fixed? Will appreciate it a lot if this will be fixed. Thank you! 💯 || We want status in 30 seconds..."
70,117,Request to add font size adjustment in chats,Feature Request,2,0,1,1,3,0,0,2,2,New,"we need a feature to translate text on images. Both for chat and Status. Since we can't take screenshots of some users status to translate using Google lens and we also can't read it since it is in a different language. || Works more efficiently now, was off it for years because off message delivery issues, but thought would give it a go again & so far so good must say. However may i strongly suggest you add the feature font size adjustment in chats just like in telegram, its a feature that helps users a lot with various sight challenges. Currently the fixed font is mighty small no way to adjust it. Please address issue. Tks"
71,123,Request for new update on messenger,Feature Request,2,0,1,1,3,0,0,2,2,New,This is wort update from your side.old version is far better than new version. You can do this update on whtsapp business so please don't do anything new in whtsapp Messenger || Can I receive new update on messenger I have no new messenger
72,20,Cannot log in to WeChat on Redmi Note 12S due to error 5-13,Account & Login,1,1,0,0,3,0,0,0,0,Stable,Can't log in wechat my new redmi note 12s..phone ....error5-13
73,21,Gmail login problem in Telegram,Account & Login,1,1,0,0,3,0,0,1,1,New,Telegram gmail login problem
74,22,Unable to cancel subscription despite opting out via Google Play or Apple Store,Account & Login,1,1,0,0,3,0,0,1,1,New,"DO NOT use this app. Once you register, you can't cancel and they keep on charging you even if you opt to cancel subscription via Google Play or Apple Store. To Cancel again means jumping through multiple loops, including downloading their awful app again."
75,23,Verification process fails due to lack of geolocation support,Account & Login,1,1,0,0,3,0,0,1,1,New,Verification process is bullshitttt no geolocalizzazione
76,25,Repeated verification code requests despite having only one device and one number,Account & Login,1,1,0,0,3,0,0,1,1,New,"I uninstalled WhatsApp due to reset mobile when I again tried to install it shows me two options that 'this device, Samsung device's.I have found this type of options first time.Whats it meaning? Now I can't use WhatsApp cz time and again it wants code even I received code and entered but wanted more verification code although I have only one device and only one number."
77,27,QR code scanning required for registration but no clear instruction on where to scan,Account & Login,1,1,0,0,3,0,0,1,1,New,Dang you need some people to scan you're qr code before register girl I'm the first one who use we chat where do I scan it to ghost
78,28,SMS login not working after reinstallation,Account & Login,1,1,0,0,3,0,1,0,-1,Falling,SMS login isn't working even after reinstallation.
79,29,Login shows 'unofficial app install' error on official app,Account & Login,1,1,0,0,3,0,0,1,1,New,When ever I try to login to my account it shows it unofficial app install official app
80,30,Account recovery failed despite no fault of user,Account & Login,1,1,0,0,3,0,0,0,0,Stable,"Same experience as many, almost spent a whole day just to recover my account but no good results cause it wasn't even my fault. the app has too much restrictions but still passable but seriously if the bugs aren't passable when they are literally in your login page"
81,33,"OTP call auto-hangs when answering, preventing sign-up",Account & Login,1,1,0,0,3,0,0,1,1,New,"HEY I REINSTALLED YOUR APP BUT COULD NOT SIGN IN. WHEN I WOULD RECEIVE CALL FOR OTP TO SIGN UP AND ANSWER IT, IT AUTOMATICALLY HANG UP? WHAT'S UP? I NEED THIS APP FOR MY WORK. VERY INCONVENIENT NOT HAVING MESSAGE OPTION FOR OTP."
82,37,Verification code input resets to beginning,Account & Login,1,1,0,0,3,0,0,1,1,New,When i put in the verification code it keeps going back to thw beginning
83,47,App fails to initiate verification call despite repeated attempts,Bugs & Technical Issues,1,1,0,0,3,0,0,1,1,New,"The most stupid app ever, i tried many times to install it and every time it says check your recent calls to verify the number, and it never calls."
84,48,Cannot open files,Bugs & Technical Issues,1,1,0,0,3,0,0,1,1,New,Can't open files
85,52,App not compatible with Pixel 7 Pro,Bugs & Technical Issues,1,1,0,0,3,0,0,0,0,Stable,Not compatible with pixel 7 pro
86,53,Previous messages not visible; app requires force close to reload messages,Bugs & Technical Issues,1,1,0,0,3,0,0,1,1,New,A very buggy experience with my pixel 6a phone. Most times I'm not able to see the previous messages. I have to force close the application and open it again to view the messages.
87,54,Messenger has stopped,Bugs & Technical Issues,1,1,0,0,3,0,0,1,1,New,𝑴𝒆𝒔𝒔𝒆𝒏𝒈𝒆𝒓 𝒉𝒂𝒔 𝒔𝒕𝒐𝒑𝒑𝒆𝒅
88,55,Connection issues persist for many days,Bugs & Technical Issues,1,1,0,0,3,0,0,1,1,New,Always not working from many days it seems connecting always
89,56,App download failure for Jim Raj Ballraj WhatsApp,Bugs & Technical Issues,1,1,0,0,3,0,0,1,1,New,జిమ్ రాజ్ బాల్రాజ్ డౌన్లోడ్ వాట్సాప్
90,58,Photos sent by others not visible in chat,Bugs & Technical Issues,1,1,0,0,3,0,0,1,1,New,"A lot of bugs, I can't see the photos that someone send ogln image,link and etch."
91,59,"App freezes on 'Creating a poll' screen, requiring phone reset",Bugs & Technical Issues,1,1,0,0,3,0,0,1,1,New,A lots of bug and one time i have to reset my phone because when i tried to vote and then its stuck on Creating a poll and i cant touch anything.
92,60,App crashes on chathead and delays messages with incorrect read time,Bugs & Technical Issues,1,1,0,0,3,0,0,1,1,New,"This app constantly crashes on chathead and delays messages, gives the wrong time when messages are read."
93,61,App requires restart to fix Bluetooth audio issues during calls,Bugs & Technical Issues,1,1,0,0,3,0,0,0,0,Stable,"Its used to be the best messaging app in China. But with all the bugs it is hard to use it. First fix all bugs then implement new features else you will have too many bugs. This app has a serious issue with sound management. Everything time I make a call with Bluetooth earphone, i have to close the app and restart it. The sound when making a videocall is always set to max and cannot be turn down. Everybody around you will know that you are making a video call. Worst messaging app in China."
94,62,Network error during device migration between Realme C30s and Redmi Note 11 Pro,Bugs & Technical Issues,1,1,0,0,3,1,0,0,0,Stable,"Hi team wechat, why I use realme c30s to scan my another phone redmi note 11pro to migrate my realme c30s still network error 😤😤😤. My WiFi 2.4G still no problem and can using. I hope can fix this problem. Thank you"
95,64,App fails to connect to Facebook Light,Bugs & Technical Issues,1,1,0,0,3,0,0,1,1,New,Carnt cornett to fb light
96,74,"Scan feature not working, fails to return to account",Feature Problem,1,1,0,0,3,1,0,0,0,Stable,Scan is not working. Tried retrying several times and it doesn't get me back to my account.
97,76,Ads appear immediately upon opening小程序 despite claims of no ads,Feature Problem,1,1,0,0,3,0,0,1,1,New,非常糟糕，谎称没有广告，然而实际上打开里面的小程序开门见山就是广告。 转发文件，收藏文件都需要下载...... （开发者是忘记指针了么？不懂得超链接？不晓得引用？） PS 打一星是最低一星，能打负分我就打负分
98,78,Unable to scan QR code without a friend who has WeChat,Feature Problem,1,1,0,0,3,0,1,0,-1,Falling,Why thus it need to scan from a friend waht if i don't have friend who had we chat . What should we do i will change the star after the problem is solved😤😡😡🤬
99,90,App denies access to camera roll despite having permission,Feature Problem,1,1,0,0,3,0,0,1,1,New,"Wont let me access my photos, says no camera roll access while it has access"
100,93,Messages permanently deleted after app deletion,Feature Problem,1,1,0,0,3,0,0,1,1,New,Its fun to use but when i accidentally deleted viber all my messages with my friends are deleted
101,98,Subscription payment not resulting in access or benefits,Feature Problem,1,1,0,0,3,0,0,1,1,New,Galti se bhi paise dekar subcribtion na lena koi fayda nahi. Mera paisa barbad gaya
102,109,Lost Messenger notes and emojis not restored,Feature Problem,1,1,0,0,3,0,0,1,1,New,TANGINA NIYO BAT WALA YUNG ANO MESSENGER NOTES KO PATI IBALIK NIYO EMOJI KO😭😭
103,111,WhatsApp app not updating,Feature Problem,1,1,0,0,3,0,0,1,1,New,My whtapp is no update
104,115,Messages fail to send due to persistent 'connecting' status,Feature Problem,1,1,0,0,3,0,0,1,1,New,Can't send any messages it keeps saying connecting. It's not connected in 2 days
105,160,App loads only first ten messages and endlessly attempts to load the rest,Performance,1,1,0,0,3,0,0,1,1,New,"Only loads the first ten messages, then endlessly tries to load the others. It has ads between messages?!??! Despicable. Wth. Barely downloaded it, already takes up a ton of space. 0/10. Hate it but I'm not gonna visit facebook for my messages just because they apaprently killed off the lite version."
106,162,Inability to communicate when there is no network,Performance,1,1,0,0,3,0,0,1,1,New,Watsapp is effective though there's no network it possible to communicate successfully...
107,163,Excessive bandwidth usage even when app is closed,Performance,1,1,0,0,3,0,0,1,1,New,"Awful!!!!!! Bandwidth usage is just ridiculous even when the app is closed! I wonder if you'll need to add ""you agree to ridiculous bandwidth usage"" to your TOS. Or you build a lite version! You don't have to be told everything! Overvalued CRUDs 😒"
108,169,"App collects facial data, voiceprint data, and other privacy-related information",Privacy / Security,1,1,0,0,3,1,0,0,0,Stable,"Will not use it if I got no Chinese business relationship anymore. This app does not allow you to find downloaded files. This app will collect your facial data, voiceprint data and any other data that is related to privacy problems. Antiprivacy app."
109,170,Accusation of app being Chinese spyware,Privacy / Security,1,1,0,0,3,0,1,0,-1,Falling,it's Chinese spyware 😂😂😂😂😂
110,171,Unauthorised access to account after one year of inactivity,Privacy / Security,1,1,0,0,3,1,0,0,0,Stable,"Im know wechat lot chaina people. Why someone chinese log into my account ? I just not log in 1 year. But im not forgot my password. It bind with mark zukeberg. (Facebook) Unpredictble . Tf for your security . Hell ,im mad #wechat id - hakiminazahari8"
111,172,Account hacked multiple times,Privacy / Security,1,1,0,0,3,0,0,1,1,New,My acct was hacked 3 times
112,173,Extremely poor safety features,Privacy / Security,1,1,0,0,3,0,0,1,1,New,Worst app ever. Most preferred choice for scammers. Extremely poor safety features.
113,174,WeChat app attempted to access PayPal account without justification,Privacy / Security,1,1,0,0,3,0,0,1,1,New,The WeChat app tried to take over my PayPal account. There is no reason for my finances to be on this app
114,175,Requested permission to record conversations without consent,Privacy / Security,1,1,0,0,3,0,0,1,1,New,The Viber experience just got badder! Privacy not existing. Now I must give permission for recording my conversations?!?!
115,176,Security issue under China government censorship,Privacy / Security,1,1,0,0,3,0,0,1,1,New,Security issue. Under China government sensorship
116,177,"App displays notifications about posts viewed by friends, exposing private activity",Privacy / Security,1,1,0,0,3,0,0,1,1,New,"This app disrespect your privacies, I saw notifications for some posts who viewed from my friend's list. WeChat should NOT use client's information to make money."
117,178,Scammers using users' contact numbers to create fake accounts and send spam links,Privacy / Security,1,1,0,0,3,0,0,1,1,New,Everything still great except for too many scammers using users contact numbers to recreate another account of users friends to hacked and scammed on Telegram users. Had been a lot adding and send weird links and spamming liked crazy. Please do fix this issue. Its driving me crazy with annoyance.
118,179,Receiving threatening and inappropriate messages due to posting female yiff content,Privacy / Security,1,1,0,0,3,0,0,1,1,New,Unfortunately Female Pikachu are not wanted on this app. All I get is horrible messages from people I do not know telling me im a pedo because I only post female yiff (yea thats right). Telegram is full of sexist pigs.
119,119,Request to remove the Notes feature,Feature Request,2,0,0,2,2,0,0,2,2,New,TAKE DOWN THE NOTES THING IT'S ANNOYING || App is great but Remove block feature asap... Its not needed Twitter also removed block feature u also need to remove it.😡
120,121,Request to unlock,Feature Request,2,0,0,2,2,0,0,2,2,New,Viber Open SMS || Iwat to unlock
121,124,Request to add templates,Feature Request,2,0,0,2,2,0,0,2,2,New,Good filters || Can you please add some templates?
122,133,Request to mute stories,Feature Request,2,0,0,2,2,0,0,2,2,New,now how to mute stories? || turn off the reaction sound! It's fn annoying
123,51,Desktop version has multiple technical problems on Windows and Linux,Bugs & Technical Issues,1,0,1,0,2,0,0,1,1,New,"It used to be 5 stars, but now the desktop version has a lot of problems (Windows and Linux). Lots of problems to describe. You'd better test everything!"
124,57,App glitches persist despite updates,Bugs & Technical Issues,1,0,1,0,2,0,0,1,1,New,Don't enjoy the every so often glitches that seem bound to happen regardless of the amount of updates to the app happen
125,63,Downloaded picture shows duplicate and broken image,Bugs & Technical Issues,1,0,1,0,2,0,1,0,-1,Falling,When I download pic from chat showing me double pic and one are showing pic broken
126,72,Unable to add account via nearby feature,Feature Problem,1,0,1,0,2,1,0,0,0,Stable,why can't add my account by nearby
127,80,Discover function's hot channel missing after enabling easy mode,Feature Problem,1,0,1,0,2,0,0,1,1,New,Discover function's hot channel is gone after the system enabled easy mode
128,81,Login path degraded after update,Feature Problem,1,0,1,0,2,0,1,0,-1,Falling,After the new update. Log in path is getting worst.why u make it far more worst when alots of people so happy to use it?. Please fix it..i'll give it 5 star if this getting fixed..tq.
129,82,Last 2 years of memories not showing in Snapchat,Feature Problem,1,0,1,0,2,0,0,1,1,New,There is the bug in Snapchat my last 2 years memories are not showing
130,83,Video calls not working with Bluetooth earphones,Feature Problem,1,0,1,0,2,0,0,1,1,New,Video calls cannot go through bluetooth devices like earphone. Need to fix.
131,84,Cannot scroll down in chat head to view messages,Feature Problem,1,0,1,0,2,0,0,1,1,New,Bigla nag log pag nka chat head di ma scroll pa baba ung dapat I message
132,85,Hindi songs not showing on Instagram,Feature Problem,1,0,1,0,2,0,0,1,1,New,Instagram hindi song not showing problem solved
133,87,Spotlight submission shows 'not selected' error despite valid content,Feature Problem,1,0,1,0,2,0,0,1,1,New,"I loved snapchat... I mean I still do but.. this is getting me irritated... the thing is from the last few days I have been sending spotlight and it's getting a lot of views... I tried to send a spotlight today but it just says snap status ""not selected"" even if it's not an in appropriate spotlight or a harassing one i just sent something that was relatable to most of the people.... I don't know why snapchat is doing this plz try to make sure this will recover..."
134,88,Ads are present and negatively impacting video and audio quality,Feature Problem,1,0,1,0,2,0,0,1,1,New,"Getting worser and worser contains ads, poor video and audio quality.Plese remove adds.Thank you"
135,89,Messages do not appear as previews and keep disappearing,Feature Problem,1,0,1,0,2,0,0,1,1,New,The messages don't appear as previews.. They keep on disappearing so you never see them!
136,91,Olin not visible on mobile,Feature Problem,1,0,1,0,2,0,0,1,1,New,I’m not seeing Olin my mobile  Good
137,92,Dark Blue appearance missing after update,Feature Problem,1,0,1,0,2,0,0,1,1,New,Dark Blue appearance is gone after update.
138,94,Documents received in Viber are pixelized and cannot be printed,Feature Problem,1,0,1,0,2,0,0,1,1,New,"I have a concern with my viber, im using desktop viber in office but the problem now is that, i cant print the doc that was send to me and also the doc that was send are pixelized. How can i fix it. Thanks."
139,95,Constant ads from filters and 'news' disrupt user experience,Feature Problem,1,0,1,0,2,0,0,1,1,New,"The AI, the stories, constant ads from filters and ""news"""
140,96,Photos sent in View Once mode are saved in Telegram's public sent folder,Feature Problem,1,0,1,0,2,0,0,1,1,New,"When I send a photo in view once mode, why that photo is saved in my telegram sent folder..? It's shoown in our public telegram sent folder of gallery, which is disgusting... The photos or videos sent in view once mode shouldn't be saved & shown in our public gallery or library...😏"
141,97,Channel recommendations show incorrectly in status,Feature Problem,1,0,1,0,2,0,0,1,1,New,Channel recommendations show in status worst app don't be installed
142,99,Streak not sent or received between users,Feature Problem,1,0,1,0,2,0,0,1,1,New,"I face many issues, Sometimes I don't Send streak to other and I didn't received streak of other peoples"
143,100,People nearby feature not working despite meeting requirements,Feature Problem,1,0,1,0,2,0,0,1,1,New,"Why is the people nearby feature not working anymore, with all the requirements in order ?"
144,102,Unable to download more than 2 files simultaneously; other downloads are canceled,Feature Problem,1,0,1,0,2,0,0,1,1,New,"There is a problem in the download section, it is not possible to download more than 2 files at the same time and other files are canceled (on Android 13)."
145,103,Missed calls not trackable,Feature Problem,1,0,1,0,2,0,0,1,1,New,Amazing app to make calls and messages. Only thing is Can't track the missed calls.
146,104,"View Their Profile Page not showing full name, only first name and initial of last name",Feature Problem,1,0,1,0,2,0,0,1,1,New,"Messenger is glitchy. Selling things on Marketplace & someone contacts you about the item, sometimes you can pull up ""View Their Profile Page"" it won't. It won't even give you their full name, just first name & initial of last name. Messenger Lite gave full name. I like Messenger Lite a lot better than Messenger. I DON'T like being forced to use Messenger. I'm considering deleting it. I'd delete Facebook off my phone as well but it's pre-installed, that's a bunch of cra*."
147,105,Front camera flash not working and poor camera quality,Feature Problem,1,0,1,0,2,0,0,1,1,New,"No flahs at front camera, quality is bad, can't find usere or groups. Not intuitive app. On ios works much better."
148,106,Cannot navigate back to messages older than 3 months,Feature Problem,1,0,1,0,2,0,0,1,1,New,Unable to go back to previous messages after 3 months.
149,107,Calling feature is not easy to use,Feature Problem,1,0,1,0,2,0,0,1,1,New,Activation sms is better and easy to start running viber .calling is not too easy.
150,108,Cannot see the status of hidden channels,Feature Problem,1,0,1,0,2,0,0,1,1,New,"Post update, I can see that the channels added but I cant the staus that I have hide."
151,110,Video turns off when opening another app during a call,Feature Problem,1,0,1,0,2,0,0,1,1,New,keep losing video. video also turns off when u open another app while in a call unlike fb msgr where u can open both msgr and fb app while in a call in msgr.
152,112,Messages are saved in an unwanted way,Feature Problem,1,0,1,0,2,0,0,1,1,New,I enjoy using it. I don't like the way it saves messages though.
153,113,Game line resets immediately after losing,Feature Problem,1,0,1,0,2,0,0,1,1,New,Pag chance ko mag hitter ....nag kandarapa na Ang line...parang sinasadya..kaainis...Hindi ko na mapindot. Agad tapos balik lang Ang line pag talo na...ako
154,114,Video or image quality blurs when saved,Feature Problem,1,0,1,0,2,0,0,1,1,New,A video or image's quality blurs when it is saved fr. Plsss give us new good update..... 🤮🤮🤮🤮🤮🤮
155,116,Incorrect display of channel and group membership count,Feature Problem,1,0,1,0,2,0,0,1,1,New,میگه که به 500 تا کانال و گروه عضو هستی و به سقف مجاز رسیدی ولی اینطور نیست و هیچ کانال و گروهی ندارم که عضو باشم توش لطفا بررسی کنید و بگید چیکار باید کرد ممنون!
156,122,Request to restore fingerprint payment function in the international version of Samsung,Feature Request,1,0,1,0,2,0,0,1,1,New,"Return the fingerprint payment function to the international version of Samsung, thanks!"
157,126,Make the channel feature optional and prevent access to locked contacts via lockscreen password,Feature Request,1,0,1,0,2,0,0,1,1,New,It was good but not anymore because of its channel feature....plz WhatsApp do it optional....and also if any contact is locked than still people can open it by using lockscreen password....
158,130,Request to change signup method for new international users,Feature Request,1,0,1,0,2,0,0,0,0,Stable,The app should have change the sinup method for new international users
159,134,Missing Boomerang feature and inability to apply multiple layers of filters after recording a snap,Feature Request,1,0,1,0,2,0,0,1,1,New,"It works very smoothly on s22 ultra, but the thing is, it's missing some features that are available in iOS . 1. Boomerang: Boomerang is missing in snap after recording one 2. Multiple layers of filter after clicking snap. It doesn't allow to add multiple layers of filters like location , colours etc As previously iOS user I miss this features terribly, please consider this because it will brings more comfort to use , otherwise it works fine"
160,140,Request to remove Instagram-like features from WhatsApp,Feature Request,1,0,1,0,2,0,0,1,1,New,whtsapp ko kyon Instagram jaisa bana rahe ho... Majburan koi dusra app use karna padega Mujhe😣
161,142,Missing shortcut on home or app screen,Feature Request,1,0,1,0,2,0,0,1,1,New,WHERE IS THE SHORTCUT TO THIS ? I SEE NOTHING ON THE HOME OR APP SCREEN. POOR JOB BY YOUL INCOPETENT PROGRAMMERS.
162,145,Request to restore or maintain the 'lite' version of the app,Feature Request,1,0,1,0,2,0,0,1,1,New,Forcing me to use your bloated app and depreciating the 'lite' version is unacceptable.
163,146,Request to unsend all messages,Feature Request,1,0,1,0,2,0,0,1,1,New,Unsend all msg see Update
164,149,Request to hide the new updates feature,Feature Request,1,0,1,0,2,0,0,1,1,New,"REMOVE THE NEW UPDATES feature Worst feature, Making everything clutter, Need option to hide that feature"
165,159,"App hangs, preventing sending streaks or saving snaps",Performance,1,0,1,0,2,0,0,1,1,New,It's a very good aap with very nice filter but the only problem I am facing is......sometimes my Snapchat usually gets hang and unable to send streaks or save snap
166,161,Video quality degrades significantly,Performance,1,0,1,0,2,0,0,1,1,New,the quality of the video drops like ancient technology
167,165,App loading varies with signal strength and phone quality,Performance,1,0,1,0,2,0,0,1,1,New,it is sometimes loading but it depends on the cignal and the quality of the phone
168,101,Viber changed time format from 24h to AM/PM without user input,Feature Problem,1,0,0,1,1,0,0,1,1,New,"Why did Viber switched my time show on messages from 24h style to AM/PM style. I haven't changed any phone settings, Viber did this on its own."
169,128,Improved functionality for computer use,Feature Request,1,0,0,1,1,0,0,1,1,New,Easy for calls but not much for computer use.
170,129,Request to update the product for use in the Philippines,Feature Request,1,0,0,1,1,0,0,1,1,New,PLEASE UPDATE IT FOR PHILIPPINES TO USE IT
171,131,Too many friend suggestions are boring,Feature Request,1,0,0,1,1,0,0,1,1,New,It's good for friends ho want to make groups and that stuff anyways overall the app is good bit it's a tons of friends suggestions nominations that really boring but it's good for videos makers cuz it's a lot of good filters to use and share Thanks for reading my comment 😁
172,132,Request to enable drag and drop functionality for Status Timeline to watch and stop at specific time stamp,Feature Request,1,0,0,1,1,0,0,1,1,New,"It is most wonderful experience to use this app, new features and updates are also too good. One suggestion/request to make an update in both Whatsapp Messenger and Whatsapp Business: *""Please Enable drage and drop functionality for Status Timeline to watch and stope status at specific time stamp.""*"
173,136,Request to display music file size,Feature Request,1,0,0,1,1,0,0,1,1,New,Please show music file size so I gave 5 star....
174,137,Request to show chat partner's identity without opening their account,Feature Request,1,0,0,1,1,0,0,1,1,New,Dapat sunod mahibal an na kung kinsay ka chat niya lain bisag d nato e open iyang acc para d nata mag overthink peace out haha
175,139,Request to start WhatsApp directly from Messenger,Feature Request,1,0,0,1,1,0,0,1,1,New,Need watshop start with messenger
176,141,Request to enable voice video call with Mary Owie,Feature Request,1,0,0,1,1,0,0,1,1,New,I want to have voice video call With Mary owie already she has my number
177,143,Request to add faster light and dark mode switching,Feature Request,1,0,0,1,1,0,0,1,1,New,Need more faster than light and dark
178,144,New groups not easy to see,Feature Request,1,0,0,1,1,0,0,1,1,New,its an awesome app but you have to make new groups be see easly
179,147,Request to change status interface to default one,Feature Request,1,0,0,1,1,0,0,1,1,New,I noticed the status interface is horrible. Please change it into default one.
180,148,Request to add file sending feature to main Messenger app,Feature Request,1,0,0,1,1,0,0,1,1,New,Messenger lite is better coz you can send files in it...
