review_id,feedback,rating,date,app_id
ca3ab342-0c29-4883-abf4-58a515687a9f,Jai shree ram,5,2023-09-19 12:31:12,com.snapchat.android
721016a5-929b-4e63-89b4-8f1e01d57945,Trouble while login Not receiving login code to my email,1,2023-09-19 07:53:13,org.telegram.messenger
83da2721-a5e6-4973-a919-7725d3ca5d13,very very good experience used in WhatsApp ☺️,4,2023-09-18 17:55:16,com.whatsapp
ebb08e43-f6b6-4ae0-87ca-6ed57a6a152a,a very nice app. i can communicate to friends well.,5,2023-09-16 15:50:52,com.tencent.mm
9dc47b44-dd79-4e77-9eba-2f39579ecf77,Useless for me,1,2023-09-19 12:40:42,com.snapchat.android
03b28519-fc31-4e66-b558-e24448b0cd48,"Why is the people nearby feature not working anymore, with all the requirements in order ?",3,2023-09-19 09:56:03,org.telegram.messenger
2aafba4c-6ebf-4618-b398-b2c04c4295d2,"When I send a photo in view once mode, why that photo is saved in my telegram sent folder..? It's shoown in our public telegram sent folder of gallery, which is disgusting... The photos or videos sent in view once mode shouldn't be saved & shown in our public gallery or library...😏",1,2023-09-19 11:14:32,org.telegram.messenger
f385579a-1f55-4822-b29c-c846b486e216,Nice Op App,5,2023-09-19 06:26:32,org.telegram.messenger
89ebfdd6-4d3e-4947-8450-5080b3d4588a,Need watshop start with messenger,1,2023-09-18 17:45:19,com.whatsapp
97d5fe55-6bc0-4b5a-b45a-321d8939eb4b,0#l##8################t7 t#o#c#####################j#############j8g P8#w#Pr#l##r############################## j ####2###################,1,2023-09-19 14:22:58,com.snapchat.android
39a94fc2-e420-4da2-8f31-1df95294cbfa,Wonder ful app,5,2023-09-19 12:19:51,org.telegram.messenger
0686b282-b20c-46df-8624-8d4180653c70,"Goood apk, nice ui",5,2023-09-16 14:31:48,com.tencent.mm
40d8fae9-5b32-413a-9e2e-b4dba26fa765,Pl lk free w Zee,2,2023-09-19 13:38:21,com.snapchat.android
45b07735-69a4-413d-a698-0820dff105db,"If i can give zero star then i will. New user needs someone who already has an account to verify. How ridiculous it is! So, there I'm, finding someone who can help me. He scanned my code, then on the next step to verify me, he couldn't do it because the ""ok"" button was unresponsive. Yeah, he wasn't lying, i was next to him & i tried it myself too. Broken app!",1,2023-09-17 14:34:35,com.tencent.mm
6082b3c5-3f83-47c4-a85d-09855d889be8,There is the bug in Snapchat my last 2 years memories are not showing,1,2023-09-19 12:26:14,com.snapchat.android
592e0701-dae0-4e11-a945-cc77534e8a8f,We want status in 30 seconds...,4,2023-09-18 17:43:08,com.whatsapp
80bb7e7f-0979-4a79-9c1c-9ea8ea0fc58a,Many WhatsApp had been transferred from another phone with out being installed thanks,3,2023-09-18 23:50:22,com.whatsapp
04eef387-7af6-4952-b2f7-05fb7139ac06,why i can't sign in or log in ??,2,2023-09-17 15:24:55,com.tencent.mm
c5abb0a6-14fa-4c7a-8c46-924c4238dd47,Very nice 🙏🏽,5,2023-09-19 12:11:09,com.facebook.orca
fb2c19c0-2c61-4bc6-8745-257d877be1ba,I dont use it that much but its nice thats all hehe,5,2023-09-19 13:40:13,com.snapchat.android
efc5a720-a120-43d1-9552-f1a64c72430f,Jayakumar Wedding photographer Mannar,5,2023-09-18 17:38:47,com.whatsapp
a0a8fb6d-79c1-40a1-a8c0-d275fe800fe4,Cant login,1,2023-09-13 16:04:17,com.tencent.mm
2cbc78f8-0609-4f2f-9d09-d0a0a0174a68,I always missed a call. This app doesn't notify me about messages and calls. The message won't sync to my other devices,1,2023-09-18 05:42:55,com.viber.voip
05bfda6f-e2da-4f2c-9522-53159041afe0,New update version is not nice Mainly status view old one is best,5,2023-09-18 17:52:28,com.whatsapp
d8276339-3945-4aff-903e-eb5b48330c23,I cant use filters even though i have updated the apps several time. Please fix this glitch.,3,2023-09-19 12:33:03,com.snapchat.android
a86249b1-af51-47c0-9375-3b89d65eb93e,"Getting worser and worser contains ads, poor video and audio quality.Plese remove adds.Thank you",2,2023-09-18 03:52:23,com.viber.voip
8b873344-4ca0-4ab7-b0ee-2584e263e638,great experience using this app,5,2023-09-19 01:59:43,com.viber.voip
b69de8e4-729d-4a61-8883-2929adb6da03,Great! Fun & easy to use messaging app. Definitely recommend.,5,2023-09-19 08:25:02,com.viber.voip
f49b67cf-b777-415e-9276-fb5a010f9068,Cant even make an account!,1,2023-09-14 19:31:59,com.tencent.mm
86aa8c2d-8dd8-4f81-892e-62f5134fa203,Can't open files,1,2023-09-19 13:44:20,com.facebook.orca
86f35cb2-8e9f-4b01-a056-0004993c7531,Best popular website,5,2023-09-17 06:17:09,com.viber.voip
e7b8f4fe-5904-44f2-80c5-da68b3a87d7a,New update added new small resolution of pictures and that's rubbish.... Missing the older one. ☹️🥺,3,2023-09-19 12:44:54,com.snapchat.android
46b09467-31c6-4385-86f1-8e240e4907e9,why take down messenger lite when the loading process in switching of accounts in messenger still takes like forever,1,2023-09-19 14:07:18,com.facebook.orca
04524d62-d7e2-4b6d-b032-27c98c7bcb09,there's a lot of technical issues,1,2023-09-19 15:05:58,com.facebook.orca
fea78dbc-4a0e-4d2a-a734-c40b66513bfd,"Is there any way to delete the channels page or part of my whatsapp, I hate seeing all the channels down there and haven't found the part in settings to de activate it",1,2023-09-18 17:38:25,com.whatsapp
565e8b73-0405-4e60-aea6-969aff03c176,Video call quality still needs a lot of improvement,4,2023-09-18 16:46:12,com.viber.voip
75d5bc88-cf01-460b-940f-aaa230e6da41,Very great,1,2023-09-19 11:41:47,com.facebook.orca
6453fbd7-c320-4fe2-9c38-7a4f78f45961,"Slow, privacy pirate, Whatsapp is much lite weight as comparison even Whatsapp is own by Facebook privacy protection is much better",1,2023-09-14 04:19:40,com.tencent.mm
91fc6e3d-4f49-4d86-88d6-eb4d4ed640b2,Worst app F. Y,1,2023-09-15 21:09:11,com.tencent.mm
bae6921b-57cf-4005-bc7a-47a0e1524cb1,App babi nk register je pun pele,1,2023-09-15 16:31:24,com.tencent.mm
